id	domain	kind	age	source	name_en	name_fr	name_pt	definition_en	definition_fr	definition_pt	activities_en	activities_fr	activities_pt	literacy_language
mob.head_tummy	mob.posture	milestone	cdc22:2	CDC 2022 (2 m)	Holds head up when on tummy	Lève la tête quand il est sur le ventre	Levanta a cabeça quando está de barriga para baixo	Lifts the head briefly while lying on the tummy.	Soulève la tête quelques instants, allongé sur le ventre.	Levanta a cabeça por instantes, deitado de barriga para baixo.	Short, supervised tummy time several times a day	Plusieurs courts moments sur le ventre, sous surveillance	Vários momentos curtos de barriga para baixo, com supervisão	
mob.moves_limbs	mob.posture	milestone	cdc22:2	CDC 2022 (2 m)	Moves both arms and both legs	Bouge les deux bras et les deux jambes	Mexe os dois braços e as duas pernas	Moves arms and legs actively and symmetrically.	Bouge bras et jambes activement, des deux côtés.	Mexe braços e pernas ativamente, dos dois lados.	Free floor time without restraint	Temps libre au sol, sans contrainte	Tempo livre no chão, sem restrições	
mob.head_steady	mob.posture	milestone	cdc22:4	CDC 2022 (4 m)	Holds head steady without support	Tient sa tête sans soutien	Segura a cabeça sem apoio	When held upright, keeps the head steady without your hand.	Tenu droit, garde la tête stable sans votre main.	Ao colo na vertical, mantém a cabeça firme sem a sua mão.	Carry the baby upright facing the world for short periods	Porter bébé droit, face au monde, quelques minutes	Levar o bebé ao colo na vertical, virado para a frente	
mob.elbows_tummy	mob.posture	milestone	cdc22:4	CDC 2022 (4 m)	Pushes up onto elbows on tummy	Prend appui sur les coudes, sur le ventre	Apoia-se nos cotovelos, de barriga para baixo	On the tummy, lifts the chest by leaning on the forearms.	Sur le ventre, soulève la poitrine en s'appuyant sur les avant-bras.	De barriga para baixo, levanta o peito apoiado nos antebraços.	Place an interesting toy just in front of the baby during tummy time	Placer un jouet attrayant juste devant lui quand il est sur le ventre	Colocar um brinquedo interessante à frente dele quando está de barriga para baixo	
mob.legs_push	mob.posture	milestone	cdc:4	CDC 2004–2021 (4 m)	Pushes down on legs when feet touch a surface	Pousse sur ses jambes quand ses pieds touchent une surface	Faz força nas pernas quando os pés tocam numa superfície	Held under the arms with feet on a firm surface, pushes down with the legs.	Tenu sous les bras, pieds sur une surface ferme, pousse sur ses jambes.	Seguro pelas axilas, com os pés numa superfície firme, faz força com as pernas.	Let the baby stand briefly on your lap while you hold them	Le laisser se tenir debout quelques instants sur vos genoux	Deixá-lo ficar de pé uns instantes no seu colo	
mob.roll_tummy_back	mob.posture	milestone	cdc22:6	CDC 2022 (6 m)	Rolls from tummy to back	Se retourne du ventre sur le dos	Rebola de barriga para baixo para as costas	Turns over from tummy to back on their own.	Se retourne seul du ventre vers le dos.	Vira-se sozinho de barriga para baixo para as costas.	Plenty of floor time; place toys to one side to motivate rolling	Beaucoup de temps au sol ; placer les jouets sur le côté	Muito tempo no chão; colocar brinquedos de lado para o motivar	
mob.straight_arms	mob.posture	milestone	cdc22:6	CDC 2022 (6 m)	Pushes up with straight arms on tummy	Se redresse bras tendus, sur le ventre	Levanta-se com os braços esticados, de barriga para baixo	On the tummy, lifts the chest high on straight arms.	Sur le ventre, se redresse haut sur les bras tendus.	De barriga para baixo, levanta bem o peito com os braços esticados.	Tummy time with a mirror or toys at eye level	Temps sur le ventre avec un miroir ou des jouets à hauteur des yeux	Tempo de barriga para baixo com espelho ou brinquedos à altura dos olhos	
mob.sit_leaning	mob.posture	milestone	cdc22:6	CDC 2022 (6 m)	Sits leaning on hands	Tient assis en s'appuyant sur les mains	Senta-se apoiado nas mãos	Sits for a moment when placed, leaning forward on the hands.	Assis par vous, tient quelques instants en prenant appui sur ses mains.	Sentado por si, aguenta-se uns instantes apoiado nas mãos.	Sit the baby between your legs or with cushions around	L'asseoir entre vos jambes ou entouré de coussins	Sentá-lo entre as suas pernas ou rodeado de almofadas	
mob.sit_alone	mob.posture	milestone	who:3.8/5.9/9.2	WHO Motor Development Study 2006	Sits without support	Tient assis sans appui	Senta-se sem apoio	Sits up straight with the head erect for at least 10 seconds, without using arms or hands to balance.	Reste assis, dos droit et tête haute, au moins 10 secondes, sans s'aider des bras ni des mains.	Fica sentado, costas direitas e cabeça erguida, pelo menos 10 segundos, sem usar braços ou mãos.	Offer toys slightly out of reach while sitting	Proposer des jouets un peu hors de portée quand il est assis	Oferecer brinquedos um pouco fora do alcance quando está sentado	
mob.stand_assisted	mob.posture	milestone	who:4.8/7.4/11.4	WHO Motor Development Study 2006	Stands with support	Tient debout avec appui	Fica de pé com apoio	Stands upright holding onto furniture, with both feet, for at least 10 seconds.	Se tient debout en s'agrippant à un meuble, sur ses deux pieds, au moins 10 secondes.	Fica de pé agarrado a um móvel, nos dois pés, pelo menos 10 segundos.	Offer sturdy furniture to hold	Proposer des meubles stables auxquels s'agripper	Oferecer móveis estáveis para se agarrar	
mob.sit_up_alone	mob.posture	milestone	cdc22:9	CDC 2022 (9 m)	Gets to a sitting position alone	S'assoit tout seul	Senta-se sozinho	Moves from lying to sitting without help.	Passe seul de la position allongée à assise.	Passa sozinho de deitado a sentado.	Lots of free movement on the floor	Beaucoup de motricité libre au sol	Muito movimento livre no chão	
mob.crawl	mob.posture	milestone	who:5.2/8.5/13.5	WHO Motor Development Study 2006	Crawls on hands and knees	Marche à quatre pattes	Gatinha	Moves forward on hands and knees, belly off the floor, for at least 3 alternating movements. (Some children skip crawling: this is normal.)	Avance à quatre pattes, ventre décollé du sol, au moins 3 mouvements alternés. (Certains enfants ne passent pas par cette étape : c'est normal.)	Avança sobre mãos e joelhos, barriga levantada, pelo menos 3 movimentos alternados. (Algumas crianças saltam esta etapa: é normal.)	Create a safe space to explore; put toys a little ahead	Aménager un espace sûr ; placer les jouets un peu plus loin	Criar um espaço seguro; pôr brinquedos um pouco mais à frente	
mob.pull_to_stand	mob.posture	milestone	cdc22:12	CDC 2022 (12 m)	Pulls up to stand	Se met debout seul en s'agrippant	Põe-se de pé sozinho agarrando-se	Pulls themself up to standing using furniture.	Se hisse seul debout en s'aidant d'un meuble.	Levanta-se sozinho apoiando-se num móvel.	Low, stable furniture and a safe floor	Meubles bas et stables, sol sécurisé	Móveis baixos e estáveis, chão seguro	
mob.cruise	mob.posture	milestone	who:5.9/9.2/13.7	WHO Motor Development Study 2006	Walks holding on to furniture	Marche en se tenant aux meubles	Anda agarrado aos móveis	In an upright position, takes sideways or forward steps holding onto furniture with one or both hands.	Debout, fait des pas sur le côté ou en avant en se tenant à un meuble.	De pé, dá passos para o lado ou para a frente agarrado a um móvel.	Arrange furniture so the child can move from one piece to the next	Disposer les meubles pour qu'il passe de l'un à l'autre	Dispor os móveis para que passe de um para o outro	
mob.stand_alone	mob.posture	milestone	who:6.9/10.8/16.9	WHO Motor Development Study 2006	Stands alone	Tient debout seul	Fica de pé sozinho	Stands upright on both feet for at least 10 seconds without any support.	Tient debout sur ses deux pieds au moins 10 secondes, sans aucun appui.	Fica de pé nos dois pés pelo menos 10 segundos, sem qualquer apoio.	Let go gently while the child stands, stay close	Lâcher doucement ses mains quand il est debout, rester tout près	Largar-lhe as mãos devagar quando está de pé, ficando perto	
mob.walk_alone	mob.posture	milestone	who:8.2/12.0/17.6	WHO Motor Development Study 2006	Walks alone	Marche seul	Anda sozinho	Takes at least 5 steps independently, upright, with the back straight.	Fait au moins 5 pas seul, debout, le dos droit.	Dá pelo menos 5 passos sozinho, de pé, com as costas direitas.	Barefoot walking; push toys	Marcher pieds nus ; jouets à pousser	Andar descalço; brinquedos de empurrar	
mob.climb_couch	mob.posture	milestone	cdc22:18	CDC 2022 (18 m)	Climbs on and off a couch or chair	Monte et descend d'un canapé ou d'une chaise	Sobe e desce de um sofá ou cadeira	Climbs up and down furniture without help.	Monte et descend seul d'un meuble.	Sobe e desce sozinho de um móvel.	Safe cushions and low furniture to climb	Coussins et meubles bas pour grimper en sécurité	Almofadas e móveis baixos para trepar em segurança	
mob.pull_toy	mob.posture	milestone	cdc:18	CDC 2004–2021 (18 m)	Pushes and pulls toys while walking	Pousse et tire des jouets en marchant	Empurra e puxa brinquedos enquanto anda	Walks while pulling or pushing a toy.	Marche en tirant ou en poussant un jouet.	Anda a puxar ou a empurrar um brinquedo.	Offer pull-along and push toys	Proposer des jouets à tirer et à pousser	Oferecer brinquedos de puxar e empurrar	
mob.run	mob.posture	milestone	cdc22:24	CDC 2022 (2 y)	Runs	Court	Corre	Runs, even if stiffly, with a short moment in the air.	Court, même de façon raide, avec un bref moment sans appui.	Corre, mesmo de forma rígida, com um breve momento no ar.	Chase games in a safe open space	Jeux de poursuite dans un espace dégagé	Jogos de apanhada num espaço aberto e seguro	
mob.stairs_up	mob.posture	milestone	cdc22:24	CDC 2022 (2 y)	Walks up a few stairs	Monte quelques marches	Sobe alguns degraus	Walks (not crawls) up a few stairs, with or without help.	Monte quelques marches en marchant (pas à quatre pattes), avec ou sans aide.	Sobe alguns degraus a andar (não a gatinhar), com ou sem ajuda.	Practise on stairs holding hands	S'entraîner dans l'escalier en tenant la main	Praticar nas escadas de mão dada	
mob.kick_ball	mob.balance	milestone	cdc22:24	CDC 2022 (2 y)	Kicks a ball	Donne un coup de pied dans un ballon	Dá um pontapé numa bola	Kicks a ball forward while standing.	Frappe un ballon vers l'avant, debout.	Chuta uma bola para a frente, de pé.	Play with a light ball outside	Jouer dehors avec un ballon léger	Brincar lá fora com uma bola leve	
mob.tiptoe	mob.balance	milestone	cdc:24	CDC 2004–2021 (2 y)	Stands on tiptoe	Se tient sur la pointe des pieds	Fica em bicos de pés	Rises onto tiptoes for a moment.	Se hisse sur la pointe des pieds quelques instants.	Põe-se em bicos de pés por uns instantes.	Reach-for-the-sky games	Jeux « touche le ciel »	Jogos de «tocar no céu»	
mob.jump_both	mob.balance	milestone	cdc22:30	CDC 2022 (30 m)	Jumps with both feet	Saute à pieds joints	Salta com os pés juntos	Jumps off the ground with both feet at the same time.	Décolle du sol les deux pieds en même temps.	Salta do chão com os dois pés ao mesmo tempo.	Jump over a line or a small cushion together	Sauter ensemble au-dessus d'une ligne ou d'un petit coussin	Saltar juntos por cima de uma linha ou almofada pequena	
mob.tricycle	mob.balance	milestone	cdc:36	CDC 2004–2021 (3 y)	Pedals a tricycle	Pédale sur un tricycle	Pedala num triciclo	Rides a tricycle using the pedals.	Avance sur un tricycle en pédalant.	Anda de triciclo a pedalar.	Supervised tricycle rides	Balades en tricycle sous surveillance	Passeios de triciclo com supervisão	
mob.stairs_alternate	mob.balance	milestone	cdc:36	CDC 2004–2021 (3 y)	Walks up stairs, one foot per step	Monte l'escalier en alternant les pieds	Sobe escadas alternando os pés	Climbs stairs alternating feet, one foot on each step.	Monte l'escalier un pied par marche.	Sobe as escadas um pé em cada degrau.	Count the steps together as you climb	Compter les marches ensemble en montant	Contar os degraus juntos ao subir	
mob.one_foot_2s	mob.balance	milestone	cdc:48	CDC 2004–2021 (4 y)	Stands on one foot for 2 seconds	Tient sur un pied 2 secondes	Fica num pé só 2 segundos	Balances on one foot for at least 2 seconds.	Tient en équilibre sur un pied au moins 2 secondes.	Equilibra-se num pé pelo menos 2 segundos.	Flamingo game	Jeu du flamant rose	Jogo do flamingo	
mob.catch_big_ball	mob.balance	milestone	cdc22:48	CDC 2022 (4 y)	Catches a large ball	Attrape un gros ballon	Apanha uma bola grande	Catches a large ball most of the time.	Attrape un gros ballon la plupart du temps.	Apanha uma bola grande na maior parte das vezes.	Throw a big soft ball from close by	Lancer de près un gros ballon souple	Atirar de perto uma bola grande e macia	
mob.throw_overhand	mob.balance	milestone	est:36	Estimate (Denver-type norms)	Throws a ball overhand	Lance une balle par-dessus l'épaule	Atira uma bola por cima do ombro	Throws a ball forward with the arm above the shoulder.	Lance une balle vers l'avant, le bras au-dessus de l'épaule.	Atira uma bola para a frente com o braço acima do ombro.	Throw soft balls into a basket	Lancer des balles souples dans un panier	Atirar bolas macias para um cesto	
mob.hop	mob.balance	milestone	cdc22:60	CDC 2022 (5 y)	Hops on one foot	Saute à cloche-pied	Salta ao pé-coxinho	Hops several times on one foot.	Fait plusieurs sauts sur un pied.	Dá vários saltos num pé só.	Hopscotch	La marelle	Jogo da macaca	
mob.one_foot_10s	mob.balance	milestone	cdc:60	CDC 2004–2021 (5 y)	Stands on one foot for 10 seconds	Tient sur un pied 10 secondes	Fica num pé só 10 segundos	Balances on one foot for 10 seconds or more.	Tient en équilibre sur un pied 10 secondes ou plus.	Equilibra-se num pé 10 segundos ou mais.	Balance challenges, walking on a line	Défis d'équilibre, marcher sur une ligne	Desafios de equilíbrio, andar sobre uma linha	
mob.skip	mob.balance	milestone	cdc:60	CDC 2004–2021 (5 y)	Skips	Sautille (pas chassés alternés)	Saltita alternando os pés	Skips forward, alternating feet (step-hop).	Avance en sautillant, en alternant les pieds.	Avança a saltitar, alternando os pés.	Skipping to music	Sautiller en musique	Saltitar ao som de música	
mob.somersault	mob.balance	milestone	cdc:60	CDC 2004–2021 (5 y)	Does a somersault	Fait une roulade avant	Dá uma cambalhota	Rolls forward over the head on a mat.	Fait une roulade avant sur un tapis.	Dá uma cambalhota para a frente num tapete.	Practise on a soft mat, with help at first	S'entraîner sur un tapis, avec de l'aide au début	Praticar num tapete macio, com ajuda no início	
mob.bike	mob.balance	learning_goal	goal:5-7	Common learning goal	Rides a bike without training wheels	Fait du vélo sans petites roues	Anda de bicicleta sem rodinhas	Starts, balances and stops on a bike without stabilisers.	Démarre, garde l'équilibre et s'arrête à vélo sans petites roues.	Arranca, equilibra-se e trava numa bicicleta sem rodinhas.	A balance bike first makes this much easier	Commencer par une draisienne facilite beaucoup	Começar com uma bicicleta de equilíbrio facilita muito	
mob.swim	mob.balance	learning_goal	goal:4-7	Common learning goal	Moves in water with confidence	Se déplace dans l'eau avec aisance	Desloca-se na água com confiança	Puts the face in the water and moves a few metres without support.	Met la tête sous l'eau et se déplace quelques mètres sans appui.	Põe a cara na água e desloca-se alguns metros sem apoio.	Regular, playful swimming pool sessions	Séances de piscine régulières et ludiques	Idas regulares e lúdicas à piscina	
hand.opens_hands	hand.grasp	milestone	cdc22:2	CDC 2022 (2 m)	Opens hands briefly	Ouvre brièvement les mains	Abre as mãos por instantes	Hands are not always fisted; opens them for moments.	Les mains ne sont pas toujours fermées ; les ouvre par moments.	As mãos nem sempre estão fechadas; abre-as por momentos.	Gently stroke the back of the hand	Caresser doucement le dos de sa main	Acariciar suavemente as costas da mão	
hand.holds_toy	hand.grasp	milestone	cdc22:4	CDC 2022 (4 m)	Holds a toy put in the hand	Tient un jouet placé dans sa main	Segura um brinquedo que lhe põem na mão	Grips a toy or your finger placed in the hand.	Serre un jouet ou votre doigt placé dans sa main.	Agarra um brinquedo ou o seu dedo quando lho põem na mão.	Offer light rattles and your finger	Proposer des hochets légers et votre doigt	Oferecer rocas leves e o seu dedo	
hand.swings_at_toys	hand.grasp	milestone	cdc22:4	CDC 2022 (4 m)	Swings arms at toys	Donne des coups de bras vers les jouets	Dá golpes com os braços nos brinquedos	Swats at dangling toys with the arms.	Frappe les jouets suspendus avec les bras.	Bate nos brinquedos pendurados com os braços.	Baby gym with hanging toys	Tapis d'éveil avec jouets suspendus	Ginásio de bebé com brinquedos pendurados	
hand.hands_to_mouth	hand.grasp	milestone	cdc22:4	CDC 2022 (4 m)	Brings hands to mouth	Porte les mains à la bouche	Leva as mãos à boca	Brings the hands to the mouth on purpose.	Porte volontairement ses mains à sa bouche.	Leva as mãos à boca de propósito.	Let the baby explore their own hands	Le laisser découvrir ses mains	Deixá-lo explorar as próprias mãos	
hand.reach_grab	hand.grasp	milestone	cdc22:6	CDC 2022 (6 m)	Reaches to grab a toy	Tend la main pour attraper un jouet	Estica a mão para agarrar um brinquedo	Reaches out and grabs a toy they want.	Tend le bras et attrape le jouet qu'il veut.	Estica o braço e agarra o brinquedo que quer.	Hold toys within reach, at different angles	Présenter des jouets à portée, sous différents angles	Apresentar brinquedos ao alcance, em vários ângulos	
hand.mouths_objects	hand.grasp	milestone	cdc22:6	CDC 2022 (6 m)	Explores things with the mouth	Explore les objets avec la bouche	Explora objetos com a boca	Puts objects in the mouth to explore them.	Porte les objets à la bouche pour les découvrir.	Leva objetos à boca para os explorar.	Offer safe teethers of different textures	Proposer des anneaux de dentition sûrs, de textures variées	Oferecer mordedores seguros de várias texturas	
hand.transfer	hand.grasp	milestone	cdc22:9	CDC 2022 (9 m)	Passes things from one hand to the other	Passe un objet d'une main à l'autre	Passa objetos de uma mão para a outra	Moves an object from one hand to the other.	Fait passer un objet d'une main à l'autre.	Passa um objeto de uma mão para a outra.	Offer a second toy while one hand is busy	Tendre un second jouet quand une main est occupée	Oferecer um segundo brinquedo quando uma mão está ocupada	
hand.rake	hand.grasp	milestone	cdc22:9	CDC 2022 (9 m)	Rakes food with the fingers	Ratisse la nourriture avec les doigts	Arrasta a comida com os dedos	Uses the fingers to rake small food towards themself.	Ramène les petits aliments vers lui avec les doigts.	Puxa pequenos alimentos para si com os dedos.	Small soft food pieces on the tray	Petits morceaux mous sur la tablette	Pedaços pequenos e moles no tabuleiro	
hand.bangs_objects	hand.grasp	milestone	cdc22:9	CDC 2022 (9 m)	Bangs two things together	Tape deux objets l'un contre l'autre	Bate duas coisas uma na outra	Holds two objects and bangs them together.	Tient deux objets et les tape l'un contre l'autre.	Segura dois objetos e bate-os um no outro.	Wooden spoons and pots	Cuillères en bois et casseroles	Colheres de pau e tachos	
hand.pincer	hand.grasp	milestone	cdc22:12	CDC 2022 (12 m)	Picks things up between thumb and finger	Saisit entre le pouce et l'index (pince)	Apanha coisas entre o polegar e o indicador	Picks up small objects with the tip of the thumb and pointer finger.	Attrape de petits objets du bout du pouce et de l'index.	Apanha objetos pequenos com a ponta do polegar e do indicador.	Small safe finger foods (peas, cereal) under supervision	Petits aliments sûrs (petits pois, céréales), sous surveillance	Pequenos alimentos seguros (ervilhas, cereais), com supervisão	
hand.container	hand.grasp	milestone	cdc22:12	CDC 2022 (12 m)	Puts something in a container	Met un objet dans un contenant	Põe um objeto dentro de um recipiente	Drops an object into a box or cup on purpose.	Dépose volontairement un objet dans une boîte ou un gobelet.	Põe de propósito um objeto numa caixa ou copo.	Posting boxes, in-and-out games	Boîtes à formes, jeux de remplir-vider	Caixas de encaixe, jogos de encher e esvaziar	
hand.stack_2	hand.grasp	milestone	cdc22:15	CDC 2022 (15 m)	Stacks two small objects	Empile deux petits objets	Empilha dois objetos pequenos	Puts one block on top of another so it stays.	Pose un cube sur un autre et il tient.	Põe um cubo em cima de outro e fica.	Build and knock down towers together	Construire et faire tomber des tours ensemble	Construir e derrubar torres juntos	
hand.two_hands	hand.grasp	milestone	cdc22:24	CDC 2022 (2 y)	Uses one hand to hold, the other to act	Tient d'une main et agit de l'autre	Segura com uma mão e age com a outra	E.g. holds a container and takes the lid off.	Par exemple, tient une boîte et enlève le couvercle.	Por exemplo, segura uma caixa e tira a tampa.	Boxes with lids, jars to open	Boîtes à couvercle, pots à ouvrir	Caixas com tampa, frascos para abrir	
hand.tower_4	hand.grasp	milestone	cdc:24	CDC 2004–2021 (2 y)	Builds a tower of 4 blocks	Fait une tour de 4 cubes	Faz uma torre de 4 cubos	Stacks at least four blocks.	Empile au moins quatre cubes.	Empilha pelo menos quatro cubos.	Blocks of different sizes	Cubes de différentes tailles	Cubos de vários tamanhos	
hand.twist	hand.grasp	milestone	cdc22:30	CDC 2022 (30 m)	Twists things (doorknobs, lids)	Tourne des objets (poignées, couvercles)	Roda coisas (maçanetas, tampas)	Uses a wrist turn to open a lid or turn a knob.	Tourne le poignet pour dévisser un couvercle ou tourner une poignée.	Roda o pulso para desenroscar uma tampa ou rodar uma maçaneta.	Screw-top jars with a surprise inside	Pots à vis avec une surprise dedans	Frascos de rosca com uma surpresa lá dentro	
hand.pages_one	hand.grasp	milestone	cdc22:30	CDC 2022 (30 m)	Turns book pages one at a time	Tourne les pages une à une	Vira as páginas uma a uma	Turns the pages of a book one at a time while you read.	Tourne les pages d'un livre une à une pendant la lecture.	Vira as páginas de um livro uma a uma durante a leitura.	Let the child turn the pages during story time	Lui laisser tourner les pages pendant l'histoire	Deixá-lo virar as páginas durante a história	
hand.tower_6	hand.grasp	milestone	cdc:36	CDC 2004–2021 (3 y)	Builds a tower of more than 6 blocks	Fait une tour de plus de 6 cubes	Faz uma torre de mais de 6 cubos	Stacks six blocks or more.	Empile six cubes ou plus.	Empilha seis cubos ou mais.	Construction games, bigger and bigger towers	Jeux de construction, tours de plus en plus hautes	Jogos de construção, torres cada vez mais altas	
hand.beads	hand.grasp	milestone	cdc22:36	CDC 2022 (3 y)	Strings large beads	Enfile de grosses perles	Enfia contas grandes	Threads large beads or pasta onto a string.	Enfile de grosses perles ou des pâtes sur un fil.	Enfia contas grandes ou massa num fio.	Threading games with a stiff lace	Jeux d'enfilage avec un lacet rigide	Jogos de enfiar com um atacador rígido	
hand.puzzle	hand.grasp	milestone	cdc:36	CDC 2004–2021 (3 y)	Does puzzles with 3 or 4 pieces	Fait des puzzles de 3 ou 4 pièces	Faz puzzles de 3 ou 4 peças	Completes a simple puzzle of a few pieces.	Termine un puzzle simple de quelques pièces.	Completa um puzzle simples de poucas peças.	Wooden puzzles with knobs, then small jigsaws	Encastrements en bois, puis petits puzzles	Encaixes de madeira, depois pequenos puzzles	
hand.scribble	hand.draw	milestone	cdc22:18	CDC 2022 (18 m)	Scribbles	Gribouille	Rabisca	Makes marks on paper with a crayon.	Fait des traits sur une feuille avec un crayon.	Faz riscos numa folha com um lápis.	Big crayons and large sheets of paper	Gros crayons et grandes feuilles	Lápis grossos e folhas grandes	
hand.line	hand.draw	milestone	est:30	Estimate (Denver-type norms)	Draws a straight line	Trace un trait droit	Traça uma linha reta	Imitates a vertical line after watching you.	Imite un trait vertical après vous avoir vu faire.	Imita uma linha vertical depois de o ver fazer.	Draw rain, grass, roads together	Dessiner ensemble la pluie, l'herbe, des routes	Desenhar juntos chuva, erva, estradas	
hand.circle	hand.draw	milestone	cdc22:36	CDC 2022 (3 y)	Draws a circle	Dessine un rond	Desenha um círculo	Draws a closed round shape when shown how.	Trace une forme ronde fermée après démonstration.	Desenha uma forma redonda fechada depois de lhe mostrarem.	Draw suns, balloons, faces	Dessiner des soleils, des ballons, des visages	Desenhar sóis, balões, caras	
hand.tripod	hand.draw	milestone	cdc22:48	CDC 2022 (4 y)	Holds a pencil with fingers, not a fist	Tient le crayon avec les doigts, pas le poing	Segura o lápis com os dedos, não com o punho	Holds a crayon between fingers and thumb.	Tient le crayon entre les doigts et le pouce.	Segura o lápis entre os dedos e o polegar.	Short crayons encourage a finger grip	De petits morceaux de craie favorisent la bonne prise	Lápis curtos favorecem a pega com os dedos	
hand.cross	hand.draw	milestone	est:42	Estimate (Denver-type norms)	Copies a cross	Copie une croix	Copia uma cruz	Copies a + shape from a model.	Reproduit une croix (+) à partir d'un modèle.	Copia uma cruz (+) a partir de um modelo.	Draw kisses, windows, treasure maps	Dessiner des bisous, des fenêtres, des cartes au trésor	Desenhar beijinhos, janelas, mapas do tesouro	
hand.person_3	hand.draw	milestone	cdc22:48	CDC 2022 (4 y)	Draws a person with 3 body parts	Dessine un bonhomme avec 3 parties du corps	Desenha uma pessoa com 3 partes do corpo	Draws a person with three or more body parts (head, arms, legs…).	Dessine un bonhomme avec au moins trois parties (tête, bras, jambes…).	Desenha uma pessoa com três ou mais partes (cabeça, braços, pernas…).	Draw family portraits together	Dessiner ensemble des portraits de la famille	Desenhar juntos retratos da família	
hand.square	hand.draw	milestone	est:52	Estimate (Denver-type norms)	Copies a square	Copie un carré	Copia um quadrado	Copies a square with four corners from a model.	Reproduit un carré à quatre coins à partir d'un modèle.	Copia um quadrado com quatro cantos a partir de um modelo.	Draw houses and presents	Dessiner des maisons et des cadeaux	Desenhar casas e presentes	
hand.triangle	hand.draw	milestone	cdc:60	CDC 2004–2021 (5 y)	Copies a triangle	Copie un triangle	Copia um triângulo	Copies a triangle and other simple shapes.	Reproduit un triangle et d'autres formes simples.	Copia um triângulo e outras formas simples.	Draw roofs, mountains, sails	Dessiner des toits, des montagnes, des voiles	Desenhar telhados, montanhas, velas	
hand.person_6	hand.draw	milestone	cdc:60	CDC 2004–2021 (5 y)	Draws a person with 6 body parts	Dessine un bonhomme avec 6 parties du corps	Desenha uma pessoa com 6 partes do corpo	Draws a person with at least six parts (head, body, arms, legs, eyes, mouth…).	Dessine un bonhomme avec au moins six parties (tête, corps, bras, jambes, yeux, bouche…).	Desenha uma pessoa com pelo menos seis partes.	Talk about what a person has while drawing	Parler de ce qu'a un bonhomme en dessinant	Falar das partes do corpo enquanto desenham	
hand.letters_name	hand.draw	milestone	cdc22:60	CDC 2022 (5 y)	Writes some letters of their name	Écrit quelques lettres de son prénom	Escreve algumas letras do seu nome	Writes a few letters of their first name, even imperfectly.	Écrit quelques lettres de son prénom, même imparfaitement.	Escreve algumas letras do nome, mesmo de forma imperfeita.	Write the name on drawings together	Écrire ensemble son prénom sur ses dessins	Escrever juntos o nome nos desenhos	
hand.scissors	hand.tools	milestone	cdc:48	CDC 2004–2021 (4 y)	Uses scissors	Utilise des ciseaux	Usa uma tesoura	Cuts paper with child-safe scissors.	Découpe du papier avec des ciseaux adaptés.	Corta papel com uma tesoura adequada.	Cut strips of paper, then along lines	Découper des bandes, puis suivre un trait	Cortar tiras de papel, depois seguir uma linha	
hand.scissors_line	hand.tools	learning_goal	goal:5-6	École maternelle (cycle 1)	Cuts along a line	Découpe en suivant un trait	Recorta seguindo uma linha	Cuts along a straight then a curved line.	Découpe le long d'un trait droit, puis courbe.	Recorta ao longo de uma linha reta e depois curva.	Cut out pictures from old magazines	Découper des images dans de vieux magazines	Recortar imagens de revistas velhas	
hand.glue_assemble	hand.tools	learning_goal	goal:4-6	École maternelle (cycle 1)	Reproduces an assembly from a model	Reproduit un assemblage d'après un modèle	Reproduz uma montagem a partir de um modelo	Builds or glues pieces to copy a model.	Construit ou colle des éléments pour reproduire un modèle.	Constrói ou cola peças para copiar um modelo.	Lego or Kapla following a picture	Lego ou Kapla d'après une image	Lego ou Kapla a partir de uma imagem	
com.loud_sounds	com.understand	milestone	cdc22:2	CDC 2022 (2 m)	Reacts to loud sounds	Réagit aux bruits forts	Reage a sons fortes	Startles, blinks or stops moving at a loud sound.	Sursaute, cligne des yeux ou s'immobilise à un bruit fort.	Assusta-se, pestaneja ou fica quieto com um som forte.	Calm environment; gentle music	Environnement calme ; musique douce	Ambiente calmo; música suave	
com.calms_voice	com.understand	milestone	cdc22:2	CDC 2022 (2 m)	Calms down when spoken to or picked up	Se calme quand on lui parle ou le prend	Acalma-se quando lhe falam ou pegam ao colo	Settles at a familiar voice or when held.	S'apaise à une voix familière ou dans les bras.	Acalma-se com uma voz familiar ou ao colo.	Talk and sing softly; skin-to-skin contact	Parler et chanter doucement ; peau à peau	Falar e cantar baixinho; contacto pele a pele	
com.turns_to_voice	com.understand	milestone	cdc22:4	CDC 2022 (4 m)	Turns head towards your voice	Tourne la tête vers votre voix	Vira a cabeça para a sua voz	Turns towards the sound of a familiar voice.	Se tourne vers une voix familière.	Vira-se para uma voz familiar.	Speak from different sides of the room	Parler depuis différents côtés de la pièce	Falar de vários lados da sala	
com.responds_name	com.understand	milestone	cdc22:9	CDC 2022 (9 m)	Looks when you call their name	Regarde quand on l'appelle par son prénom	Olha quando o chamam pelo nome	Turns or looks when called by name (in any home language).	Se tourne quand on l'appelle par son prénom (dans n'importe quelle langue de la maison).	Vira-se quando o chamam pelo nome (em qualquer língua de casa).	Use the child's name often	Utiliser souvent son prénom	Usar muitas vezes o nome da criança	
com.understands_no	com.understand	milestone	cdc22:12	CDC 2022 (12 m)	"Understands ""no"""	Comprend « non »	Compreende «não»	Pauses briefly or stops when you say no.	S'arrête un instant quand on dit non.	Pára por instantes quando lhe dizem não.	Be consistent; say it calmly with a gesture	Être cohérent ; le dire calmement avec un geste	Ser coerente; dizê-lo com calma e um gesto	
com.looks_named_object	com.understand	milestone	cdc22:15	CDC 2022 (15 m)	Looks at a familiar object when named	Regarde un objet familier quand on le nomme	Olha para um objeto familiar quando o nomeiam	Looks at the right object when you name it.	Regarde le bon objet quand on le nomme.	Olha para o objeto certo quando o nomeiam.	Name things during daily routines	Nommer les objets pendant les routines	Nomear objetos durante as rotinas	
com.directions_gesture	com.understand	milestone	cdc22:15	CDC 2022 (15 m)	Follows directions with a gesture	Suit une consigne accompagnée d'un geste	Segue uma instrução com gesto	"E.g. gives you a toy when you hold out your hand and say ""give me the toy""."	Par exemple, donne le jouet quand on tend la main en disant « donne ».	Por exemplo, dá o brinquedo quando estende a mão e diz «dá-me».	Simple give-and-take games	Jeux de « donne-prends »	Jogos de dar e receber	
com.one_step	com.understand	milestone	cdc22:18	CDC 2022 (18 m)	Follows one-step directions without gestures	Suit une consigne simple sans geste	Segue uma instrução simples sem gesto	"E.g. gives you the toy when you say ""give it to me"" without holding out your hand."	Par exemple, donne le jouet quand on dit « donne-le-moi » sans tendre la main.	Por exemplo, dá o brinquedo quando diz «dá-mo» sem estender a mão.	"Give small jobs: ""bring your shoes"""	Confier de petites missions : « apporte tes chaussures »	Dar pequenas tarefas: «traz os sapatos»	
com.body_parts	com.understand	milestone	cdc22:24	CDC 2022 (2 y)	Points to at least two body parts	Montre au moins deux parties du corps	Aponta pelo menos duas partes do corpo	"Points to body parts when asked (""where is your nose?"")."	Montre des parties du corps quand on demande (« où est ton nez ? »).	Aponta partes do corpo quando lhe perguntam («onde está o nariz?»).	Songs about body parts	Comptines sur les parties du corps	Canções sobre as partes do corpo	
com.points_book	com.understand	milestone	cdc22:24	CDC 2022 (2 y)	Points to things in a book when asked	Montre des images dans un livre quand on demande	Aponta coisas num livro quando lhe pedem	"Points to the right picture (""where is the cat?"")."	Montre la bonne image (« où est le chat ? »).	Aponta a imagem certa («onde está o gato?»).	"Picture books: ""where is…?"""	Imagiers : « où est… ? »	Livros de imagens: «onde está…?»	
com.two_step	com.understand	milestone	cdc22:30	CDC 2022 (30 m)	Follows two-step instructions	Suit une consigne en deux étapes	Segue uma instrução com dois passos	"E.g. ""put the toy down and close the door""."	Par exemple, « pose le jouet et ferme la porte ».	Por exemplo, «pousa o brinquedo e fecha a porta».	Two-part requests in daily life	Consignes doubles dans la vie quotidienne	Pedidos em duas partes no dia a dia	
com.prepositions	com.understand	milestone	cdc:36	CDC 2004–2021 (3 y)	Understands in, on, under	Comprend dans, sur, sous	Compreende dentro, em cima, debaixo	Places a toy in, on or under something when asked.	Place un jouet dans, sur ou sous un objet quand on le demande.	Põe um brinquedo dentro, em cima ou debaixo de algo quando lhe pedem.	Hide-and-find games with position words	Jeux de cache-cache d'objets avec les mots de position	Jogos de esconder objetos com palavras de posição	
com.what_for	com.understand	milestone	cdc22:48	CDC 2022 (4 y)	"Answers ""what is a … for?"""	Répond à « à quoi sert… ? »	Responde a «para que serve…?»	"E.g. answers ""what is a coat for?"" or ""what is a crayon for?""."	Par exemple, répond à « à quoi sert un manteau ? ».	Por exemplo, responde a «para que serve um casaco?».	Guessing games about everyday objects	Devinettes sur les objets du quotidien	Adivinhas sobre objetos do dia a dia	
com.three_step	com.understand	learning_goal	goal:4-6	Common learning goal	Follows three-step instructions	Suit une consigne en trois étapes	Segue uma instrução com três passos	Carries out three linked instructions in order.	Exécute trois consignes enchaînées dans l'ordre.	Executa três instruções seguidas pela ordem.	Treasure-hunt style instructions	Consignes façon chasse au trésor	Instruções tipo caça ao tesouro	
com.makes_sounds	com.speak	milestone	cdc22:2	CDC 2022 (2 m)	Makes sounds other than crying	Émet des sons autres que les pleurs	Faz sons além do choro	Makes small throaty or vowel sounds.	Émet de petits sons de gorge ou de voyelles.	Faz pequenos sons de garganta ou vogais.	Answer every sound with your voice	Répondre à chaque son par la voix	Responder a cada som com a voz	
com.coos	com.speak	milestone	cdc22:4	CDC 2022 (4 m)	"Coos (""oooo"", ""aahh"")"	Gazouille (« ooo », « aaa »)	Palra («ooo», «aaa»)	Makes long vowel sounds when content.	Fait de longues voyelles quand il est content.	Faz vogais longas quando está contente.	"Face-to-face ""conversations"""	« Conversations » face à face	«Conversas» cara a cara	
com.sounds_back	com.speak	milestone	cdc22:4	CDC 2022 (4 m)	Makes sounds back when you talk	Répond par des sons quand on lui parle	Responde com sons quando lhe falam	Vocalises in response to your voice.	Vocalise en réponse à votre voix.	Vocaliza em resposta à sua voz.	Pause after talking to let the baby answer	Faire des pauses pour le laisser répondre	Fazer pausas para o deixar responder	
com.turn_taking_sounds	com.speak	milestone	cdc22:6	CDC 2022 (6 m)	Takes turns making sounds with you	Échange des sons à tour de rôle	Troca sons à vez consigo	Babbles, waits, then babbles again in a back-and-forth.	Babille, attend, puis babille à nouveau, en alternance.	Balbucia, espera e volta a balbuciar, alternadamente.	Imitate the baby's sounds and wait	Imiter ses sons et attendre	Imitar os sons do bebé e esperar	
com.squeals	com.speak	milestone	cdc22:6	CDC 2022 (6 m)	Squeals and blows raspberries	Pousse des cris aigus et fait des « prout » avec la bouche	Dá gritinhos e faz «pum» com a boca	Plays with the voice: squeals, raspberries.	Joue avec sa voix : cris aigus, bruits de lèvres.	Brinca com a voz: gritinhos, sons com os lábios.	Play with funny mouth sounds together	Jouer ensemble avec des bruits de bouche	Brincar juntos com sons engraçados	
com.babbles	com.speak	milestone	cdc22:9	CDC 2022 (9 m)	"Babbles ""mamama"", ""bababa"""	Babille « mamama », « bababa »	Palreia «mamama», «bababa»	Repeats consonant-vowel syllables.	Répète des syllabes consonne-voyelle.	Repete sílabas consoante-vogal.	Repeat the syllables back; nursery rhymes in all home languages	Répéter ses syllabes ; comptines dans toutes les langues de la maison	Repetir as sílabas; lengalengas em todas as línguas de casa	
com.arms_up	com.speak	milestone	cdc22:9	CDC 2022 (9 m)	Lifts arms to be picked up	Tend les bras pour être pris	Levanta os braços para ir ao colo	Uses a gesture to ask to be picked up.	Utilise un geste pour demander les bras.	Usa um gesto para pedir colo.	"Say ""up?"" and wait for the gesture"	Dire « on monte ? » et attendre le geste	Dizer «colo?» e esperar pelo gesto	
com.mama_dada	com.speak	milestone	cdc22:12	CDC 2022 (12 m)	"Calls a parent ""mama"", ""dada"" or a special name"	Appelle un parent « maman », « papa » ou un nom spécial	Chama um dos pais «mamã», «papá» ou um nome especial	Uses a specific word for a parent.	Utilise un mot précis pour un parent.	Usa uma palavra específica para um dos pais.	Name yourselves often	Se nommer souvent	Dizer muitas vezes o seu nome	
com.waves	com.speak	milestone	cdc22:12	CDC 2022 (12 m)	Waves bye-bye	Fait « au revoir » de la main	Diz adeus com a mão	Waves when someone leaves.	Agite la main quand quelqu'un part.	Acena quando alguém sai.	Model waving at every goodbye	Montrer le geste à chaque départ	Mostrar o gesto em cada despedida	
com.first_words	com.speak	milestone	cdc22:15	CDC 2022 (15 m)	Says one or two words besides mama/dada	Dit un ou deux mots en plus de maman/papa	Diz uma ou duas palavras além de mamã/papá	"E.g. ""ba"" for ball. Words in any home language count."	Par exemple « ba » pour ballon. Les mots de toutes les langues de la maison comptent.	Por exemplo «bo» para bola. Contam palavras de todas as línguas de casa.	Name things the child looks at	Nommer ce qu'il regarde	Nomear o que a criança está a olhar	
com.points_ask	com.speak	milestone	cdc22:15	CDC 2022 (15 m)	Points to ask for something	Pointe du doigt pour demander	Aponta para pedir	Points with the finger to ask for something or for help.	Pointe du doigt pour obtenir quelque chose ou de l'aide.	Aponta com o dedo para pedir algo ou ajuda.	Respond and name what they point at	Répondre et nommer ce qu'il montre	Responder e nomear o que aponta	
com.three_words	com.speak	milestone	cdc22:18	CDC 2022 (18 m)	Says three or more words	Dit trois mots ou plus	Diz três palavras ou mais	Uses at least three words besides mama/dada (all languages together).	Utilise au moins trois mots en plus de maman/papa (toutes langues confondues).	Usa pelo menos três palavras além de mamã/papá (todas as línguas juntas).	Read picture books; expand on single words	Lire des imagiers ; enrichir ses mots	Ler livros de imagens; expandir as palavras	
com.points_show	com.speak	milestone	cdc22:18	CDC 2022 (18 m)	Points to show you something interesting	Pointe pour vous montrer quelque chose	Aponta para lhe mostrar algo interessante	Points to share interest, not just to ask.	Pointe pour partager, pas seulement pour demander.	Aponta para partilhar interesse, não só para pedir.	Look where they point and comment	Regarder où il montre et commenter	Olhar para onde aponta e comentar	
com.gestures	com.speak	milestone	cdc22:24	CDC 2022 (2 y)	Uses gestures like blowing a kiss or nodding	Utilise des gestes comme envoyer un bisou ou hocher la tête	Usa gestos como mandar um beijinho ou acenar que sim	Uses gestures beyond waving and pointing.	Utilise d'autres gestes que « au revoir » et pointer.	Usa outros gestos além de acenar e apontar.	Songs with gestures	Comptines à gestes	Canções com gestos	
com.two_words	com.speak	milestone	cdc22:24	CDC 2022 (2 y)	Says two words together	Associe deux mots	Junta duas palavras	"E.g. ""more milk"", ""encore gâteau"". Mixing languages is normal."	Par exemple « encore gâteau ». Mélanger les langues est normal.	Por exemplo «mais leite». Misturar línguas é normal.	"Repeat and expand: ""more milk? You want more milk!"""	Reprendre et enrichir : « encore ? Tu veux encore du gâteau ! »	Repetir e expandir: «mais? Queres mais leite!»	
com.fifty_words	com.speak	milestone	cdc22:30	CDC 2022 (30 m)	Says about 50 words	Dit environ 50 mots	Diz cerca de 50 palavras	Around 50 words, counting all home languages together.	Environ 50 mots, toutes les langues de la maison ensemble.	Cerca de 50 palavras, todas as línguas de casa juntas.	Daily reading and conversation	Lecture et conversation quotidiennes	Leitura e conversa diárias	
com.action_word	com.speak	milestone	cdc22:30	CDC 2022 (30 m)	Combines words with an action word	Associe des mots avec un verbe	Junta palavras com um verbo	"E.g. ""doggie run"", ""papa parti""."	Par exemple « chien court », « papa parti ».	Por exemplo «cão corre», «papá foi».	Narrate actions as they happen	Commenter les actions en direct	Descrever as ações enquanto acontecem	
com.names_in_book	com.speak	milestone	cdc22:30	CDC 2022 (30 m)	Names things in a book	Nomme des images dans un livre	Nomeia coisas num livro	"Names a picture when you point and ask ""what is this?""."	Nomme une image quand on la montre en demandant « c'est quoi ? ».	Nomeia uma imagem quando aponta e pergunta «o que é?».	"Picture books, asking ""what's this?"""	Imagiers, en demandant « c'est quoi ? »	Livros de imagens, perguntando «o que é?»	
com.pronouns	com.speak	milestone	cdc22:30	CDC 2022 (30 m)	"Uses ""I"", ""me"", ""we"""	Dit « je », « moi », « nous »	Diz «eu», «mim», «nós»	Uses personal pronouns (in any language).	Utilise des pronoms personnels (dans n'importe quelle langue).	Usa pronomes pessoais (em qualquer língua).	Model pronouns naturally	Utiliser naturellement les pronoms devant lui	Usar naturalmente os pronomes	
com.first_name	com.speak	milestone	cdc22:36	CDC 2022 (3 y)	Says their first name when asked	Dit son prénom quand on le demande	Diz o seu nome quando lhe perguntam	"Answers ""what's your name?""."	Répond à « comment tu t'appelles ? ».	Responde a «como te chamas?».	Introduction games with puppets	Jeux de présentation avec des marionnettes	Jogos de apresentação com fantoches	
com.intelligible	com.speak	milestone	cdc22:36	CDC 2022 (3 y)	Talks well enough for others to understand	Parle assez bien pour être compris des autres	Fala suficientemente bem para os outros entenderem	Most of what they say is understood by people outside the family.	Les personnes hors de la famille comprennent la plupart de ce qu'il dit.	Pessoas fora da família entendem a maior parte do que diz.	Listen patiently; repeat correctly without correcting	Écouter patiemment ; reformuler sans corriger	Ouvir com paciência; reformular sem corrigir	
com.name_age_gender	com.speak	milestone	cdc:36	CDC 2004–2021 (3 y)	Says name, age and whether a boy or girl	Dit son nom, son âge et s'il est fille ou garçon	Diz o nome, a idade e se é menino ou menina	Can introduce themself with name and age.	Sait se présenter avec son nom et son âge.	Sabe apresentar-se com o nome e a idade.	"Practise ""who am I?"" games"	Jeux « qui suis-je ? »	Jogos «quem sou eu?»	
com.sentences_4	com.speak	milestone	cdc22:48	CDC 2022 (4 y)	Says sentences of four or more words	Fait des phrases de quatre mots ou plus	Diz frases com quatro ou mais palavras	"E.g. ""I want the red car""."	Par exemple « je veux la voiture rouge ».	Por exemplo «quero o carro vermelho».	Ask open questions	Poser des questions ouvertes	Fazer perguntas abertas	
com.song_words	com.speak	milestone	cdc22:48	CDC 2022 (4 y)	Says words from songs or rhymes	Dit des mots de chansons ou comptines	Diz palavras de canções ou lengalengas	Joins in with words of a known song, story or nursery rhyme.	Reprend des mots d'une chanson, histoire ou comptine connue.	Acompanha palavras de uma canção, história ou lengalenga conhecida.	Sing the same songs often, in each language	Chanter souvent les mêmes chansons, dans chaque langue	Cantar muitas vezes as mesmas canções, em cada língua	
com.speaks_clearly	com.speak	milestone	cdc:60	CDC 2004–2021 (5 y)	Speaks very clearly	Parle très clairement	Fala muito claramente	Speech is clear; most sounds are pronounced correctly.	La parole est claire ; la plupart des sons sont bien prononcés.	A fala é clara; a maioria dos sons é bem pronunciada.	Play with tongue twisters	Jouer avec des virelangues	Brincar com trava-línguas	
com.future_tense	com.speak	milestone	cdc:60	CDC 2004–2021 (5 y)	Uses the future tense	Utilise le futur	Usa o futuro	"E.g. ""Grandma will be here""."	Par exemple « mamie va venir ».	Por exemplo «a avó vai chegar».	Talk about tomorrow's plans	Parler des projets du lendemain	Falar dos planos de amanhã	
com.says_address	com.speak	milestone	cdc:60	CDC 2004–2021 (5 y)	Says their full name and address	Dit son nom complet et son adresse	Diz o nome completo e a morada	Knows first and last name and where they live.	Connaît son prénom, son nom et où il habite.	Sabe o nome, o apelido e onde vive.	"Safety game: ""if you get lost…"""	Jeu de sécurité : « si tu te perds… »	Jogo de segurança: «se te perderes…»	
com.conversation_2	com.conversation	milestone	cdc22:36	CDC 2022 (3 y)	Has a conversation with 2 back-and-forth exchanges	Converse avec au moins 2 échanges	Conversa com pelo menos 2 trocas	Keeps a conversation going for at least two turns each.	Tient une conversation d'au moins deux tours chacun.	Mantém uma conversa de pelo menos duas vezes cada.	Talk during meals without screens	Discuter pendant les repas, sans écran	Conversar às refeições, sem ecrãs	
com.wh_questions	com.conversation	milestone	cdc22:36	CDC 2022 (3 y)	Asks who, what, where, why questions	Pose des questions qui, quoi, où, pourquoi	Faz perguntas quem, o quê, onde, porquê	"E.g. ""where is mummy?"", ""why?""."	Par exemple « où est maman ? », « pourquoi ? ».	Por exemplo «onde está a mãe?», «porquê?».	Answer patiently; ask questions back	Répondre patiemment ; lui renvoyer des questions	Responder com paciência; devolver perguntas	
com.describes_action	com.conversation	milestone	cdc22:36	CDC 2022 (3 y)	Says what is happening in a picture	Dit ce qui se passe sur une image	Diz o que acontece numa imagem	"E.g. ""running"", ""eating"", ""playing"" when asked about a picture."	Par exemple « il court », « il mange » quand on demande.	Por exemplo «está a correr», «está a comer» quando lhe perguntam.	Describe pictures together	Décrire des images ensemble	Descrever imagens juntos	
com.tells_day	com.conversation	milestone	cdc22:48	CDC 2022 (4 y)	Talks about something from their day	Raconte un moment de sa journée	Conta algo do seu dia	Tells you at least one thing that happened during the day.	Raconte au moins une chose qui s'est passée dans la journée.	Conta pelo menos uma coisa que aconteceu durante o dia.	"Evening ritual: ""tell me one nice thing today"""	Rituel du soir : « raconte-moi un bon moment »	Ritual da noite: «conta-me uma coisa boa de hoje»	
com.story_2_events	com.conversation	milestone	cdc22:60	CDC 2022 (5 y)	Tells a story with at least two events	Raconte une histoire avec au moins deux événements	Conta uma história com pelo menos dois acontecimentos	Tells a story heard or made up, with events in order.	Raconte une histoire entendue ou inventée, avec des événements dans l'ordre.	Conta uma história ouvida ou inventada, com acontecimentos por ordem.	Invent stories together at bedtime	Inventer des histoires ensemble le soir	Inventar histórias juntos à noite	
com.conversation_3	com.conversation	milestone	cdc22:60	CDC 2022 (5 y)	Keeps a conversation going for 3+ exchanges	Tient une conversation de plus de 3 échanges	Mantém uma conversa com mais de 3 trocas	Stays on topic for more than three back-and-forth exchanges.	Reste sur le sujet plus de trois allers-retours.	Mantém o tema durante mais de três trocas.	Ask follow-up questions	Poser des questions de relance	Fazer perguntas de seguimento	
com.time_words	com.conversation	milestone	cdc22:60	CDC 2022 (5 y)	Uses time words (yesterday, tomorrow, morning)	Utilise des mots de temps (hier, demain, matin)	Usa palavras de tempo (ontem, amanhã, manhã)	Uses words about time correctly in context.	Utilise correctement des mots de temps.	Usa corretamente palavras de tempo.	Talk about the day's timeline; a simple calendar	Parler du déroulé de la journée ; un calendrier simple	Falar do dia; um calendário simples	
lit.looks_pages	lit.books	milestone	cdc22:18	CDC 2022 (18 m)	Looks at a few pages of a book with you	Regarde quelques pages d'un livre avec vous	Vê algumas páginas de um livro consigo	Stays for a few pages of a picture book on your lap.	Reste quelques pages sur vos genoux devant un livre.	Fica algumas páginas ao seu colo a ver um livro.	Daily shared reading in each home language	Lecture partagée chaque jour, dans chaque langue de la maison	Leitura partilhada todos os dias, em cada língua de casa	
lit.next_in_story	lit.books	milestone	cdc22:48	CDC 2022 (4 y)	Tells what comes next in a known story	Dit ce qui vient ensuite dans une histoire connue	Diz o que vem a seguir numa história conhecida	Anticipates the next event of a familiar story.	Anticipe la suite d'une histoire familière.	Antecipa o que acontece a seguir numa história conhecida.	"Pause in favourite stories: ""and then?"""	Faire des pauses dans ses histoires préférées : « et après ? »	Fazer pausas nas histórias preferidas: «e depois?»	
lit.answers_story	lit.books	milestone	cdc22:60	CDC 2022 (5 y)	Answers questions about a story	Répond à des questions sur une histoire	Responde a perguntas sobre uma história	After reading, answers simple questions about what happened.	Après la lecture, répond à des questions simples sur ce qui s'est passé.	Depois da leitura, responde a perguntas simples sobre o que aconteceu.	"Ask ""who? where? why?"" after stories"	Demander « qui ? où ? pourquoi ? » après l'histoire	Perguntar «quem? onde? porquê?» depois da história	
lit.rhymes	lit.books	milestone	cdc22:60	CDC 2022 (5 y)	Uses or recognises simple rhymes	Utilise ou reconnaît des rimes simples	Usa ou reconhece rimas simples	"E.g. recognises that ""chat"" and ""rat"" (or ""bat"" and ""cat"") rhyme."	Par exemple, reconnaît que « chat » et « rat » riment.	Por exemplo, reconhece que «pão» e «mão» rimam.	Rhyming songs and games in every language	Comptines et jeux de rimes dans chaque langue	Canções e jogos de rimas em cada língua	
lit.letter_names	lit.books	milestone	cdc22:60	CDC 2022 (5 y)	Names some letters when you point to them	Nomme quelques lettres quand on les montre	Nomeia algumas letras quando lhas mostram	Names several letters (starting with those of their name).	Nomme plusieurs lettres (d'abord celles de son prénom).	Nomeia várias letras (começando pelas do seu nome).	Alphabet books; spot letters on signs	Abécédaires ; repérer les lettres dans la rue	Livros do alfabeto; encontrar letras na rua	
lit.recognises_name	lit.books	learning_goal	goal:3-5	École maternelle (cycle 1)	Recognises their written first name	Reconnaît son prénom écrit	Reconhece o seu nome escrito	Finds their own name among several written names.	Retrouve son prénom parmi d'autres prénoms écrits.	Encontra o seu nome entre outros nomes escritos.	Name labels on coat hook, drawings, cups	Étiquettes prénom sur le portemanteau, les dessins, le verre	Etiquetas com o nome no cabide, desenhos, copo	
lit.signs_logos	lit.books	learning_goal	goal:3-5	École maternelle (cycle 1)	Recognises familiar signs and logos	Reconnaît des panneaux et logos familiers	Reconhece sinais e logótipos familiares	Understands that written signs carry meaning (shop names, road signs).	Comprend que l'écrit porte un sens (enseignes, panneaux).	Percebe que a escrita tem significado (lojas, sinais).	Read signs aloud during walks	Lire les panneaux à voix haute en promenade	Ler os sinais em voz alta nos passeios	
lit.fr.syllables	lit.fr.sounds	learning_goal	goal:4-6	École maternelle (cycle 1)	Claps the syllables of a word	Scande les syllabes d'un mot	Bate as sílabas de uma palavra	Splits a spoken word into syllables by clapping (ma-man, cho-co-lat).	Découpe un mot oral en syllabes en frappant des mains (ma-man, cho-co-lat).	Divide uma palavra oral em sílabas batendo palmas.	Clap the syllables of family names	Frapper les syllabes des prénoms de la famille	Bater as sílabas dos nomes da família	fr
lit.fr.rhyme_find	lit.fr.sounds	learning_goal	goal:4-6	École maternelle (cycle 1)	Finds words that rhyme (French)	Trouve des mots qui riment	Encontra palavras que rimam (francês)	Finds a word that rhymes with a given French word.	Trouve un mot qui rime avec un mot donné.	Encontra uma palavra que rima com uma palavra francesa dada.	Rhyming guessing games in the car	Devinettes de rimes en voiture	Adivinhas de rimas no carro	fr
lit.fr.first_sound	lit.fr.sounds	learning_goal	goal:5-6	École maternelle (cycle 1)	Hears the first sound of a word (French)	Entend le premier son d'un mot	Ouve o primeiro som de uma palavra (francês)	"Says which sound a French word starts with (""ssss"" for serpent)."	Dit par quel son commence un mot (« sss » pour serpent).	Diz por que som começa uma palavra francesa.	"""I spy something that starts with…"""	« Je vois quelque chose qui commence par… »	«Vejo uma coisa que começa por…»	fr
lit.fr.sound_position	lit.fr.sounds	learning_goal	goal:5-7	École maternelle (cycle 1) / CP	Locates a sound in a word (French)	Localise un son dans un mot	Localiza um som numa palavra (francês)	Says whether a sound is at the beginning, middle or end of a word.	Dit si un son est au début, au milieu ou à la fin du mot.	Diz se um som está no início, meio ou fim da palavra.	Sound hunts with picture cards	Chasse aux sons avec des images	Caça aos sons com cartões de imagens	fr
lit.fr.letters_3_scripts	lit.fr.letters	learning_goal	goal:5-6	École maternelle (cycle 1)	Knows letters in capitals, print and cursive	Connaît les lettres en capitales, script et cursive	Conhece as letras em maiúsculas, imprensa e manuscrita	Matches each letter across the three ways of writing it.	Associe chaque lettre dans ses trois écritures.	Associa cada letra nas três formas de a escrever.	Letter memory games with the three scripts	Memory des lettres dans les trois écritures	Jogo da memória com as três escritas	fr
lit.fr.letter_sounds	lit.fr.letters	learning_goal	goal:5-6	École maternelle (cycle 1)	Knows the sound of most letters (French)	Connaît le son de la plupart des lettres	Conhece o som da maioria das letras (francês)	"Says the French sound of most single letters (e.g. ""m"" says mmm)."	Donne le son de la plupart des lettres (le « m » fait mmm).	Diz o som francês da maioria das letras.	Alphabet songs focusing on sounds, not names	Comptines de l'alphabet centrées sur les sons	Canções do alfabeto centradas nos sons	fr
lit.fr.name_capitals	lit.fr.letters	learning_goal	goal:4-5	École maternelle (cycle 1)	Writes first name in capitals	Écrit son prénom en capitales	Escreve o nome em maiúsculas	Writes CONSTANCE (or their name) in capital letters without a model.	Écrit son prénom en capitales sans modèle.	Escreve o nome em maiúsculas sem modelo.	Sign drawings and cards	Signer ses dessins et ses cartes	Assinar desenhos e postais	fr
lit.fr.name_cursive	lit.fr.letters	learning_goal	goal:5-6	École maternelle (cycle 1)	Writes first name in cursive	Écrit son prénom en cursive	Escreve o nome em letra manuscrita	Writes their first name in joined-up (cursive) letters.	Écrit son prénom en écriture cursive (attachée).	Escreve o nome em letra manuscrita ligada.	Tracing, then copying, with correct letter formation	Repasser puis copier, en respectant le geste	Contornar e depois copiar, com o gesto correto	fr
lit.fr.copy_word	lit.fr.letters	learning_goal	goal:5-6	École maternelle (cycle 1)	Copies a short word	Copie un mot court	Copia uma palavra curta	Copies a word letter by letter, in the right order.	Copie un mot lettre après lettre, dans l'ordre.	Copia uma palavra letra a letra, pela ordem.	Write a shopping list together	Écrire ensemble la liste de courses	Escrever juntos a lista de compras	fr
lit.fr.read_syllables	lit.fr.reading	learning_goal	goal:6-7	Programme CP (cycle 2)	Reads simple syllables (ma, pi, lo)	Lit des syllabes simples (ma, pi, lo)	Lê sílabas simples (ma, pi, lo)	Combines a consonant and a vowel to read a syllable.	Combine consonne et voyelle pour lire une syllabe.	Junta consoante e vogal para ler uma sílaba.	Syllable dominoes	Dominos de syllabes	Dominós de sílabas	fr
lit.fr.read_words	lit.fr.reading	learning_goal	goal:6-7	Programme CP (cycle 2)	Reads simple words by blending	Lit des mots simples en combinant	Lê palavras simples juntando sons	Decodes regular French words (moto, lavabo).	Déchiffre des mots réguliers (moto, lavabo).	Descodifica palavras francesas regulares.	Short decodable books	Petits livres déchiffrables	Pequenos livros descodificáveis	fr
lit.fr.read_sentence	lit.fr.reading	learning_goal	goal:6-7	Programme CP (cycle 2)	Reads and understands a short sentence	Lit et comprend une phrase courte	Lê e compreende uma frase curta	Reads a simple sentence aloud and explains it.	Lit une phrase simple à voix haute et l'explique.	Lê uma frase simples em voz alta e explica-a.	"Read notes left for them (""Bravo Constance !"")"	Lui laisser de petits mots à lire	Deixar-lhe pequenas mensagens para ler	fr
math.one_many	math.number	learning_goal	goal:2-3	Clements & Sarama learning trajectories	"Understands ""one"" and ""more"""	Comprend « un » et « encore / plus »	Compreende «um» e «mais»	"Asks for ""more"", gives exactly one when asked."	Demande « encore », donne exactement un objet quand on le demande.	Pede «mais», dá exatamente um quando lhe pedem.	"""Give me one spoon"" at the table"	« Donne-moi une cuillère » à table	«Dá-me uma colher» à mesa	
math.count_3	math.number	milestone	est:30	Estimate (Clements & Sarama)	Says numbers to 3	Récite les nombres jusqu'à 3	Diz os números até 3	"Recites ""1, 2, 3"" (in any language)."	Récite « 1, 2, 3 » (dans n'importe quelle langue).	Recita «1, 2, 3» (em qualquer língua).	"Count stairs, ""1, 2, 3… go!"""	Compter les marches, « 1, 2, 3… partez ! »	Contar degraus, «1, 2, 3… já!»	
math.subitize_3	math.number	learning_goal	goal:3-4	Clements & Sarama learning trajectories	Sees 1 to 3 objects at a glance	Voit 1 à 3 objets d'un coup d'œil	Vê 1 a 3 objetos num relance	Says how many (1, 2 or 3) without counting.	Dit combien il y en a (1, 2 ou 3) sans compter.	Diz quantos são (1, 2 ou 3) sem contar.	Dice games; quick-look cards	Jeux de dés ; cartes à regarder rapidement	Jogos de dados; cartões de olhar rápido	
math.give_n	math.number	learning_goal	goal:3-4	Clements & Sarama learning trajectories	Gives 2 or 3 objects on request	Donne 2 ou 3 objets sur demande	Dá 2 ou 3 objetos quando lhe pedem	Hands over exactly two or three items when asked.	Donne exactement deux ou trois objets quand on le demande.	Entrega exatamente dois ou três objetos quando lhe pedem.	"Setting the table: ""three forks, please"""	Mettre la table : « trois fourchettes, s'il te plaît »	Pôr a mesa: «três garfos, por favor»	
math.count_10	math.number	milestone	cdc22:60	CDC 2022 (5 y)	Counts to 10	Compte jusqu'à 10	Conta até 10	Recites the numbers from 1 to 10 in order.	Récite les nombres de 1 à 10 dans l'ordre.	Recita os números de 1 a 10 por ordem.	Counting songs in each home language	Comptines numériques dans chaque langue	Canções de contar em cada língua	
math.names_numbers_5	math.number	milestone	cdc22:60	CDC 2022 (5 y)	Names written numbers 1 to 5	Nomme les chiffres de 1 à 5	Nomeia os números escritos de 1 a 5	Names some numbers between 1 and 5 when you point to them.	Nomme quelques chiffres entre 1 et 5 quand on les montre.	Nomeia alguns números entre 1 e 5 quando lhos mostram.	Spot numbers on doors, buses, clocks	Repérer les chiffres sur les portes, bus, horloges	Encontrar números nas portas, autocarros, relógios	
math.count_things_10	math.number	milestone	cdc:60	CDC 2004–2021 (5 y)	Counts 10 or more objects	Dénombre 10 objets ou plus	Conta 10 ou mais objetos	Counts a collection of 10+ objects, touching each once, and says the total.	Dénombre une collection de 10 objets ou plus, en touchant chacun une fois, et dit le total.	Conta uma coleção de 10 ou mais objetos, tocando cada um uma vez, e diz o total.	Count real things: grapes, stairs, cars	Compter de vrais objets : raisins, marches, voitures	Contar coisas reais: uvas, degraus, carros	
math.quantify_10	math.number	learning_goal	goal:5-6	École maternelle (cycle 1)	Makes a collection of up to 10	Réalise une collection jusqu'à 10	Forma uma coleção até 10	Makes a group with a given number of objects (up to 10).	Constitue une collection d'un nombre donné d'objets (jusqu'à 10).	Forma um grupo com um número dado de objetos (até 10).	"Shop games: ""give me 7 apples"""	Jeu de la marchande : « donne-moi 7 pommes »	Jogo das compras: «dá-me 7 maçãs»	
math.decompose_10	math.number	learning_goal	goal:5-6	École maternelle (cycle 1)	Splits numbers up to 10 (5 is 2 and 3)	Décompose les nombres jusqu'à 10 (5, c'est 2 et 3)	Decompõe números até 10 (5 é 2 e 3)	Knows several ways to split a small number.	Connaît plusieurs façons de décomposer un petit nombre.	Conhece várias formas de decompor um número pequeno.	"Finger games; ""how many are hidden?"""	Jeux de doigts ; « combien sont cachés ? »	Jogos de dedos; «quantos estão escondidos?»	
math.shapes_3	math.shapes	learning_goal	goal:3-4	Clements & Sarama learning trajectories	Recognises circle, square, triangle	Reconnaît rond, carré, triangle	Reconhece círculo, quadrado, triângulo	Points to or names the three basic shapes.	Montre ou nomme les trois formes de base.	Aponta ou nomeia as três formas básicas.	Shape hunt around the house	Chasse aux formes dans la maison	Caça às formas pela casa	
math.sort_shape_colour	math.shapes	milestone	cdc:24	CDC 2004–2021 (2 y)	Begins to sort shapes and colours	Commence à trier formes et couleurs	Começa a separar formas e cores	Puts objects of the same colour or shape together.	Regroupe les objets de même couleur ou de même forme.	Junta objetos da mesma cor ou forma.	Sorting laundry, blocks, fruit	Trier le linge, les cubes, les fruits	Separar roupa, cubos, frutas	
math.pattern_ab	math.shapes	learning_goal	goal:4-5	École maternelle (cycle 1)	Continues a simple pattern (red, blue, red…)	Continue un algorithme simple (rouge, bleu, rouge…)	Continua um padrão simples (vermelho, azul, vermelho…)	Continues a repeating pattern of two elements.	Poursuit une suite répétitive de deux éléments.	Continua uma sequência repetida de dois elementos.	Bead necklaces with colour patterns	Colliers de perles à motifs	Colares de contas com padrões	
math.big_small	math.measure	milestone	est:30	Estimate (Denver-type norms)	Understands big and small	Comprend grand et petit	Compreende grande e pequeno	Picks the big one or the small one when asked.	Choisit le grand ou le petit quand on le demande.	Escolhe o grande ou o pequeno quando lhe pedem.	"Nesting cups, ""the big bear, the little bear"""	Gobelets gigognes, « le grand ours, le petit ours »	Copos de encaixar, «o urso grande, o urso pequeno»	
math.same_different	math.measure	milestone	cdc:48	CDC 2004–2021 (4 y)	Understands same and different	Comprend pareil et différent	Compreende igual e diferente	Says whether two things are the same or different.	Dit si deux choses sont pareilles ou différentes.	Diz se duas coisas são iguais ou diferentes.	Spot-the-difference games	Jeux des différences	Jogos das diferenças	
math.order_sizes	math.measure	learning_goal	goal:4-5	École maternelle (cycle 1)	Orders objects by size	Range des objets par taille	Ordena objetos por tamanho	Puts 3 to 5 objects in order from smallest to biggest.	Range 3 à 5 objets du plus petit au plus grand.	Ordena 3 a 5 objetos do mais pequeno ao maior.	Russian dolls, stacking rings	Poupées russes, anneaux à empiler	Bonecas russas, argolas de empilhar	
think.watches_move	think.problem	milestone	cdc22:2	CDC 2022 (2 m)	Watches you as you move	Vous suit du regard	Segue-o com o olhar	Follows a moving person or object with the eyes.	Suit des yeux une personne ou un objet qui bouge.	Segue com os olhos uma pessoa ou objeto em movimento.	Move a contrasting toy slowly in front of the baby	Déplacer lentement un jouet contrasté devant lui	Mover lentamente um brinquedo contrastado à sua frente	
think.looks_toy	think.problem	milestone	cdc22:2	CDC 2022 (2 m)	Looks at a toy for several seconds	Fixe un jouet quelques secondes	Fixa um brinquedo alguns segundos	Keeps attention on a toy for a few seconds.	Garde son attention sur un jouet quelques secondes.	Mantém a atenção num brinquedo alguns segundos.	High-contrast pictures and faces	Images très contrastées et visages	Imagens de alto contraste e caras	
think.looks_hands	think.problem	milestone	cdc22:4	CDC 2022 (4 m)	Looks at own hands with interest	Regarde ses mains avec intérêt	Olha para as mãos com interesse	Watches their own hands.	Observe ses propres mains.	Observa as próprias mãos.	Soft wrist rattles	Hochets de poignet	Rocas de pulso	
think.object_permanence	think.problem	milestone	cdc22:9	CDC 2022 (9 m)	Looks for objects dropped out of sight	Cherche un objet tombé hors de vue	Procura objetos que caíram fora da vista	Looks down or around for a toy that fell.	Cherche des yeux un jouet tombé.	Procura com os olhos um brinquedo que caiu.	Peek-a-boo with toys under a cloth	Coucou-caché avec des jouets sous un tissu	Esconder brinquedos debaixo de um pano	
think.finds_hidden	think.problem	milestone	cdc22:12	CDC 2022 (12 m)	Finds things you hide	Retrouve ce que vous cachez	Encontra o que esconde	Looks for and finds a toy hidden while they watch.	Cherche et retrouve un jouet caché sous ses yeux.	Procura e encontra um brinquedo escondido à sua frente.	Hide a toy under one of two cups	Cacher un jouet sous l'un de deux gobelets	Esconder um brinquedo debaixo de um de dois copos	
think.uses_right_way	think.problem	milestone	cdc22:15	CDC 2022 (15 m)	Uses things the right way (phone, cup, book)	Utilise les objets correctement (téléphone, verre, livre)	Usa as coisas da forma certa (telefone, copo, livro)	Shows they know what everyday objects are for.	Montre qu'il sait à quoi servent les objets du quotidien.	Mostra que sabe para que servem objetos do dia a dia.	Let the child handle real everyday objects	Lui laisser manipuler de vrais objets du quotidien	Deixá-lo mexer em objetos reais do dia a dia	
think.copies_chores	think.problem	milestone	cdc22:18	CDC 2022 (18 m)	Copies you doing chores	Vous imite dans les tâches ménagères	Imita-o nas tarefas domésticas	E.g. sweeps with a broom.	Par exemple, passe le balai.	Por exemplo, varre com uma vassoura.	Child-size broom, cloth, watering can	Balai, chiffon, arrosoir à sa taille	Vassoura, pano, regador à sua medida	
think.toy_switches	think.problem	milestone	cdc22:24	CDC 2022 (2 y)	Tries switches, knobs or buttons on a toy	Essaie les boutons et manettes d'un jouet	Experimenta botões e interruptores de um brinquedo	Explores cause and effect with buttons.	Explore les causes et effets avec des boutons.	Explora causa e efeito com botões.	Activity boards; light switches with supervision	Tableaux d'activités ; interrupteurs sous surveillance	Painéis de atividades; interruptores com supervisão	
think.problem_solving	think.problem	milestone	cdc22:30	CDC 2022 (30 m)	Shows simple problem solving	Résout des problèmes simples	Resolve problemas simples	E.g. stands on a stool to reach something.	Par exemple, monte sur un tabouret pour attraper quelque chose.	Por exemplo, sobe a um banco para chegar a algo.	Let the child find solutions before helping	Le laisser chercher avant d'aider	Deixá-lo procurar soluções antes de ajudar	
think.one_colour	think.world	milestone	cdc22:30	CDC 2022 (30 m)	Knows at least one colour	Connaît au moins une couleur	Conhece pelo menos uma cor	Points to the red crayon when asked for red.	Montre le crayon rouge quand on demande le rouge.	Aponta o lápis vermelho quando lhe pedem o vermelho.	Name colours in daily life	Nommer les couleurs au quotidien	Nomear cores no dia a dia	
think.names_colours	think.world	milestone	cdc22:48	CDC 2022 (4 y)	Names a few colours	Nomme quelques couleurs	Nomeia algumas cores	Names the colour of several items.	Nomme la couleur de plusieurs objets.	Nomeia a cor de vários objetos.	Colour I-spy	« Je vois quelque chose de rouge… »	«Vejo uma coisa vermelha…»	
think.hot_warning	think.world	milestone	cdc22:36	CDC 2022 (3 y)	Avoids touching hot objects when warned	Évite de toucher un objet chaud quand on le prévient	Evita tocar em objetos quentes quando avisado	Understands and respects a warning about heat.	Comprend et respecte l'avertissement « chaud ».	Compreende e respeita o aviso «quente».	Explain dangers simply and consistently	Expliquer les dangers simplement et toujours de la même façon	Explicar os perigos de forma simples e coerente	
think.real_pretend	think.world	milestone	cdc:60	CDC 2004–2021 (5 y)	Tells what's real and what's make-believe	Distingue le réel de l'imaginaire	Distingue o real do imaginário	Says whether something in a story could really happen.	Dit si quelque chose d'une histoire pourrait vraiment arriver.	Diz se algo de uma história podia mesmo acontecer.	"""Could this really happen?"" after stories"	« Est-ce que ça peut arriver en vrai ? » après les histoires	«Isto podia acontecer a sério?» depois das histórias	
think.attention_5_10	think.problem	milestone	cdc22:60	CDC 2022 (5 y)	Pays attention for 5 to 10 minutes	Reste attentif 5 à 10 minutes	Mantém a atenção 5 a 10 minutos	Stays on an activity (story, craft) for 5–10 minutes. Screen time does not count.	Reste sur une activité (histoire, bricolage) 5 à 10 minutes. Les écrans ne comptent pas.	Fica numa atividade (história, trabalhos manuais) 5 a 10 minutos. Ecrãs não contam.	Calm, screen-free activities together	Activités calmes sans écran, ensemble	Atividades calmas sem ecrãs, juntos	
think.day_sequence	think.world	learning_goal	goal:4-6	École maternelle (cycle 1)	Orders the moments of the day	Ordonne les moments de la journée	Ordena os momentos do dia	Puts morning, noon, evening and night activities in order.	Remet dans l'ordre les activités du matin, midi, soir et nuit.	Ordena as atividades da manhã, meio-dia, tarde e noite.	Picture timeline of the day	Frise imagée de la journée	Friso ilustrado do dia	
think.days_week	think.world	learning_goal	goal:5-6	École maternelle (cycle 1)	Knows the days of the week	Connaît les jours de la semaine	Conhece os dias da semana	Recites the days of the week in order and knows today's day.	Récite les jours dans l'ordre et sait quel jour on est.	Recita os dias por ordem e sabe que dia é hoje.	Weekly calendar on the fridge	Calendrier de la semaine sur le frigo	Calendário semanal no frigorífico	
soc.calms	soc.emotions	milestone	cdc22:2	CDC 2022 (2 m)	Can briefly calm themself	Sait se calmer brièvement	Consegue acalmar-se por instantes	May bring hands to the mouth and suck to self-soothe.	Peut porter les mains à la bouche pour s'apaiser.	Pode levar as mãos à boca para se acalmar.	Respond quickly and calmly to crying	Répondre vite et calmement aux pleurs	Responder depressa e com calma ao choro	
soc.looks_face	soc.relations	milestone	cdc22:2	CDC 2022 (2 m)	Looks at your face	Regarde votre visage	Olha para a sua cara	Looks at faces with interest.	Regarde les visages avec intérêt.	Olha para caras com interesse.	Face-to-face time at 20–30 cm	Moments face à face à 20–30 cm	Momentos cara a cara a 20–30 cm	
soc.smiles_back	soc.relations	milestone	cdc22:2	CDC 2022 (2 m)	Smiles when you talk or smile	Sourit quand on lui parle ou lui sourit	Sorri quando lhe falam ou sorriem	Social smile in response to people.	Sourire social en réponse aux personnes.	Sorriso social em resposta às pessoas.	Smile back and make eye contact often	Lui rendre ses sourires, le regarder souvent	Retribuir os sorrisos, olhar muitas vezes	
soc.happy_to_see	soc.relations	milestone	cdc22:2	CDC 2022 (2 m)	Seems happy to see you	Semble content de vous voir	Parece contente por o ver	Brightens when a parent comes close.	S'illumine quand un parent s'approche.	Anima-se quando um dos pais se aproxima.	Greet the baby warmly every time	L'accueillir chaleureusement à chaque fois	Cumprimentá-lo com carinho sempre	
soc.smiles_attention	soc.relations	milestone	cdc22:4	CDC 2022 (4 m)	Smiles on their own to get attention	Sourit de lui-même pour attirer l'attention	Sorri por iniciativa própria para chamar a atenção	Starts a smile to engage you.	Initie un sourire pour vous solliciter.	Inicia um sorriso para o chamar.	Answer every social bid	Répondre à chaque sollicitation	Responder a cada solicitação	
soc.chuckles	soc.relations	milestone	cdc22:4	CDC 2022 (4 m)	Chuckles when you try to make them laugh	Rit doucement quand on essaie de le faire rire	Ri baixinho quando o tentam fazer rir	Not yet a full laugh.	Pas encore un vrai éclat de rire.	Ainda não é uma gargalhada.	Gentle tickles, funny faces	Chatouilles douces, grimaces	Cócegas suaves, caretas	
soc.knows_familiar	soc.relations	milestone	cdc22:6	CDC 2022 (6 m)	Knows familiar people	Reconnaît les personnes familières	Reconhece pessoas familiares	Reacts differently to familiar people and strangers.	Réagit différemment aux proches et aux inconnus.	Reage de forma diferente a familiares e a estranhos.	Regular time with the same caregivers	Du temps régulier avec les mêmes personnes	Tempo regular com as mesmas pessoas	
soc.mirror	soc.relations	milestone	cdc22:6	CDC 2022 (6 m)	Likes to look at self in a mirror	Aime se regarder dans un miroir	Gosta de se ver ao espelho	Smiles or vocalises at their reflection.	Sourit ou babille devant son reflet.	Sorri ou palra para o reflexo.	Safe baby mirror at floor level	Miroir incassable au sol	Espelho inquebrável ao nível do chão	
soc.laughs	soc.relations	milestone	cdc22:6	CDC 2022 (6 m)	Laughs	Rit aux éclats	Dá gargalhadas	Laughs out loud.	Rit franchement.	Ri às gargalhadas.	Playful games, funny sounds	Jeux amusants, bruits rigolos	Brincadeiras, sons engraçados	
soc.facial_expressions	soc.emotions	milestone	cdc22:9	CDC 2022 (9 m)	Shows several facial expressions	Montre plusieurs expressions du visage	Mostra várias expressões faciais	Happy, sad, angry, surprised.	Joie, tristesse, colère, surprise.	Alegria, tristeza, zanga, surpresa.	Name the emotions you see	Nommer les émotions qu'on voit	Nomear as emoções que vê	
soc.reacts_leave	soc.emotions	milestone	cdc22:9	CDC 2022 (9 m)	Reacts when you leave	Réagit quand vous partez	Reage quando sai	Looks, reaches or cries when a parent leaves.	Regarde, tend les bras ou pleure quand un parent part.	Olha, estica os braços ou chora quando um dos pais sai.	Always say goodbye; keep goodbyes short	Toujours dire au revoir ; adieux courts	Despedir-se sempre; despedidas curtas	
soc.peekaboo	soc.relations	milestone	cdc22:9	CDC 2022 (9 m)	Smiles or laughs at peek-a-boo	Sourit ou rit au jeu de coucou-caché	Sorri ou ri ao jogo do cucu	Enjoys hiding games.	Apprécie les jeux de cache-cache.	Gosta de jogos de esconder.	Peek-a-boo with a cloth	Coucou-caché avec un tissu	Cucu com um pano	
soc.pat_a_cake	soc.relations	milestone	cdc22:12	CDC 2022 (12 m)	Plays games like pat-a-cake	Joue à des jeux comme « bravo » ou « ainsi font »	Brinca a jogos como «bate palminhas»	Joins in simple social games.	Participe à des jeux sociaux simples.	Participa em jogos sociais simples.	Clapping songs in each language	Comptines à taper dans chaque langue	Canções de palmas em cada língua	
soc.copies_children	soc.relations	milestone	cdc22:15	CDC 2022 (15 m)	Copies other children while playing	Imite les autres enfants en jouant	Imita outras crianças a brincar	E.g. takes toys out of a container when another child does.	Par exemple, sort les jouets d'une boîte quand un autre enfant le fait.	Por exemplo, tira brinquedos de uma caixa quando outra criança o faz.	Time with other children (park, playgroups)	Du temps avec d'autres enfants (parc, jeux)	Tempo com outras crianças (parque, grupos)	
soc.shows_object	soc.relations	milestone	cdc22:15	CDC 2022 (15 m)	Shows you an object they like	Vous montre un objet qu'il aime	Mostra-lhe um objeto de que gosta	Brings or holds up an object to share.	Apporte ou tend un objet pour le partager.	Traz ou levanta um objeto para partilhar.	Show interest and name it	Montrer de l'intérêt et le nommer	Mostrar interesse e nomeá-lo	
soc.affection	soc.emotions	milestone	cdc22:15	CDC 2022 (15 m)	Shows affection (hugs, cuddles, kisses)	Montre de l'affection (câlins, bisous)	Mostra afeto (abraços, beijinhos)	Hugs a doll or you; gives kisses.	Fait des câlins à une peluche ou à vous ; fait des bisous.	Abraça um boneco ou a si; dá beijinhos.	Model affection generously	Montrer beaucoup d'affection	Mostrar muito afeto	
soc.claps_excited	soc.emotions	milestone	cdc22:15	CDC 2022 (15 m)	Claps when excited	Tape des mains quand il est content	Bate palmas quando está entusiasmado	Expresses joy with clapping.	Exprime sa joie en tapant des mains.	Expressa alegria batendo palmas.	Celebrate small successes together	Célébrer ensemble les petites réussites	Celebrar juntos as pequenas conquistas	
soc.secure_base	soc.relations	milestone	cdc22:18	CDC 2022 (18 m)	Explores but checks you are close	Explore en vérifiant que vous êtes là	Explora mas confirma que está por perto	Moves away and looks back to make sure you are near.	S'éloigne et se retourne pour vérifier votre présence.	Afasta-se e olha para trás para confirmar que está perto.	Stay available and let them explore	Rester disponible et le laisser explorer	Estar disponível e deixá-lo explorar	
soc.plays_simple	soc.relations	milestone	cdc22:18	CDC 2022 (18 m)	Plays with toys in a simple way	Joue simplement avec ses jouets	Brinca de forma simples com brinquedos	E.g. pushes a toy car.	Par exemple, pousse une petite voiture.	Por exemplo, empurra um carrinho.	Simple toys; play alongside	Jouets simples ; jouer à côté de lui	Brinquedos simples; brincar ao lado	
soc.notices_hurt	soc.emotions	milestone	cdc22:24	CDC 2022 (2 y)	Notices when others are hurt or upset	Remarque quand les autres ont mal ou sont tristes	Repara quando os outros estão magoados ou tristes	Pauses or looks sad when someone cries.	S'arrête ou paraît triste quand quelqu'un pleure.	Pára ou parece triste quando alguém chora.	Talk about others' feelings	Parler des émotions des autres	Falar dos sentimentos dos outros	
soc.social_referencing	soc.emotions	milestone	cdc22:24	CDC 2022 (2 y)	Looks at your face to see how to react	Regarde votre visage pour savoir comment réagir	Olha para a sua cara para saber como reagir	In a new situation, checks your expression.	Dans une situation nouvelle, vérifie votre expression.	Numa situação nova, verifica a sua expressão.	Show calm confidence in new situations	Montrer une confiance calme dans les situations nouvelles	Mostrar confiança calma em situações novas	
soc.several_toys	soc.relations	milestone	cdc22:24	CDC 2022 (2 y)	Plays with more than one toy at once	Joue avec plusieurs jouets à la fois	Brinca com mais de um brinquedo ao mesmo tempo	E.g. puts toy food on a toy plate.	Par exemple, met de la dînette dans une assiette.	Por exemplo, põe comida de brincar num prato.	Play kitchen, farm sets	Dînette, ferme	Cozinha de brincar, quinta	
soc.plays_next_to	soc.relations	milestone	cdc22:30	CDC 2022 (30 m)	Plays next to other children	Joue à côté d'autres enfants	Brinca ao lado de outras crianças	Plays alongside and sometimes with other children.	Joue à côté, et parfois avec, d'autres enfants.	Brinca ao lado, e às vezes com, outras crianças.	Playdates and parks	Rencontres entre enfants, parcs	Encontros com outras crianças, parques	
soc.look_at_me	soc.relations	milestone	cdc22:30	CDC 2022 (30 m)	"Says ""look at me!"""	Dit « regarde-moi ! »	Diz «olha para mim!»	Wants to show you what they can do.	Veut vous montrer ce qu'il sait faire.	Quer mostrar-lhe o que sabe fazer.	Watch and praise effort	Regarder et féliciter l'effort	Olhar e elogiar o esforço	
soc.routines	soc.relations	milestone	cdc22:30	CDC 2022 (30 m)	Follows simple routines when told	Suit les routines simples quand on le lui dit	Segue rotinas simples quando lhe dizem	E.g. helps pick up toys at clean-up time.	Par exemple, aide à ranger quand c'est l'heure.	Por exemplo, ajuda a arrumar quando é hora.	Clean-up song; predictable routines	Chanson du rangement ; routines prévisibles	Canção de arrumar; rotinas previsíveis	
soc.pretend_objects	soc.relations	milestone	cdc22:30	CDC 2022 (30 m)	Uses things to pretend	Utilise des objets pour faire semblant	Usa objetos para faz de conta	E.g. feeds a block to a doll as if it were food.	Par exemple, donne un cube à manger à une poupée.	Por exemplo, dá um cubo a comer a uma boneca.	Join in pretend play	Participer au jeu de faire-semblant	Participar no faz de conta	
soc.calms_dropoff	soc.emotions	milestone	cdc22:36	CDC 2022 (3 y)	Calms down within 10 minutes after you leave	Se calme en 10 minutes après votre départ	Acalma-se em 10 minutos depois de sair	E.g. at school or childcare drop-off.	Par exemple, à l'école ou à la crèche.	Por exemplo, na escola ou creche.	Short, confident goodbye ritual	Rituel d'au revoir court et confiant	Ritual de despedida curto e confiante	
soc.joins_play	soc.relations	milestone	cdc22:36	CDC 2022 (3 y)	Notices and joins other children to play	Rejoint d'autres enfants pour jouer	Junta-se a outras crianças para brincar	Approaches and joins a group of children.	S'approche et se joint à un groupe d'enfants.	Aproxima-se e junta-se a um grupo de crianças.	Regular time with the same friends	Du temps régulier avec les mêmes copains	Tempo regular com os mesmos amigos	
soc.takes_turns	soc.relations	milestone	cdc:36	CDC 2004–2021 (3 y)	Takes turns in games	Attend son tour dans les jeux	Espera pela sua vez nos jogos	Waits for their turn in a simple game.	Attend son tour dans un jeu simple.	Espera pela vez num jogo simples.	Simple board games (Memory, dice games)	Jeux de société simples (Memory, jeux de dés)	Jogos de tabuleiro simples (memória, dados)	
soc.affection_friends	soc.emotions	milestone	cdc:36	CDC 2004–2021 (3 y)	Shows affection for friends without prompting	Montre spontanément de l'affection à ses amis	Mostra afeto aos amigos espontaneamente	Hugs or comforts a friend spontaneously.	Fait spontanément un câlin ou console un ami.	Abraça ou consola um amigo espontaneamente.	Talk about friends and what they like	Parler des copains et de ce qu'ils aiment	Falar dos amigos e do que gostam	
soc.pretend_role	soc.relations	milestone	cdc22:48	CDC 2022 (4 y)	Pretends to be someone else	Joue à être quelqu'un d'autre	Finge ser outra pessoa	E.g. teacher, superhero, dog.	Par exemple, la maîtresse, un super-héros, un chien.	Por exemplo, professora, super-herói, cão.	Dress-up box	Malle de déguisements	Caixa de disfarces	
soc.asks_play	soc.relations	milestone	cdc22:48	CDC 2022 (4 y)	Asks to play with other children	Demande à jouer avec d'autres enfants	Pede para brincar com outras crianças	Seeks other children to play with.	Cherche d'autres enfants avec qui jouer.	Procura outras crianças para brincar.	Invite friends home	Inviter des copains à la maison	Convidar amigos para casa	
soc.comforts	soc.emotions	milestone	cdc22:48	CDC 2022 (4 y)	Comforts others who are hurt or sad	Console les autres quand ils ont mal ou sont tristes	Consola os outros quando estão magoados ou tristes	E.g. hugs a crying friend.	Par exemple, fait un câlin à un ami qui pleure.	Por exemplo, abraça um amigo que chora.	Praise kindness when you see it	Valoriser la gentillesse quand on la voit	Valorizar a gentileza quando a vê	
soc.helper	soc.relations	milestone	cdc22:48	CDC 2022 (4 y)	Likes to be a helper	Aime aider	Gosta de ajudar	Volunteers for small jobs.	Se porte volontaire pour de petites tâches.	Oferece-se para pequenas tarefas.	Give real small responsibilities	Confier de vraies petites responsabilités	Dar pequenas responsabilidades reais	
soc.adapts_place	soc.emotions	milestone	cdc22:48	CDC 2022 (4 y)	Changes behaviour depending on the place	Adapte son comportement selon le lieu	Adapta o comportamento ao lugar	E.g. quieter in a library, louder in a playground.	Par exemple, plus calme à la bibliothèque, plus bruyant au parc.	Por exemplo, mais calmo na biblioteca, mais barulhento no parque.	"Prepare the child: ""here we whisper"""	Prévenir : « ici on chuchote »	Preparar: «aqui falamos baixinho»	
soc.avoids_danger	soc.emotions	milestone	cdc22:48	CDC 2022 (4 y)	Avoids danger	Évite le danger	Evita o perigo	E.g. doesn't jump from tall heights at the playground.	Par exemple, ne saute pas de trop haut au parc.	Por exemplo, não salta de sítios altos no parque.	Let them assess risk with you nearby	Le laisser évaluer les risques, près de vous	Deixá-lo avaliar riscos consigo por perto	
soc.follows_rules	soc.relations	milestone	cdc22:60	CDC 2022 (5 y)	Follows rules and takes turns in games	Respecte les règles et attend son tour	Segue regras e espera pela vez	Plays games with other children following the rules.	Joue avec d'autres enfants en respectant les règles.	Joga com outras crianças respeitando as regras.	Board games; accept losing gracefully together	Jeux de société ; apprendre à perdre ensemble	Jogos de tabuleiro; aprender a perder juntos	
soc.performs	soc.relations	milestone	cdc22:60	CDC 2022 (5 y)	Sings, dances or acts for you	Chante, danse ou joue un rôle pour vous	Canta, dança ou representa para si	Enjoys performing for an audience.	Aime se produire devant un public.	Gosta de atuar para uma plateia.	Family shows, music	Petits spectacles en famille, musique	Pequenos espetáculos em família, música	
soc.names_emotions	soc.emotions	learning_goal	goal:3-5	École maternelle (cycle 1)	Names basic emotions	Nomme les émotions de base	Nomeia as emoções básicas	"Says ""I'm sad / angry / happy / scared""."	Dit « je suis triste / en colère / content / j'ai peur ».	Diz «estou triste / zangado / contente / com medo».	Emotion books and faces cards	Livres et cartes des émotions	Livros e cartões das emoções	
soc.calm_strategy	soc.emotions	learning_goal	goal:4-6	Common learning goal	Uses a strategy to calm down	Utilise une stratégie pour se calmer	Usa uma estratégia para se acalmar	E.g. breathing, hugging a toy, going to a quiet corner.	Par exemple, respirer, serrer un doudou, aller dans un coin calme.	Por exemplo, respirar, abraçar um boneco, ir para um canto calmo.	"Practise ""smell the flower, blow the candle"" breathing"	S'entraîner à « sentir la fleur, souffler la bougie »	Praticar «cheirar a flor, soprar a vela»	
soc.stranger_anxiety	soc.observations	behaviour	none	CDC 2022 (9 m)	Shy or wary around strangers	Timide ou méfiant avec les inconnus	Tímido ou desconfiado com estranhos	A normal phase; logged, not scored.	Une étape normale ; notée, sans score.	Uma fase normal; registada, sem pontuação.	Introduce new people gradually, stay close	Présenter les nouvelles personnes progressivement, rester proche	Apresentar pessoas novas aos poucos, ficar perto	
soc.defiance	soc.observations	behaviour	none	Observation	"Shows defiant behaviour (""no!"")"	S'oppose (phase du « non ! »)	Mostra oposição (fase do «não!»)	A normal phase of growing independence; logged, not scored.	Une étape normale d'autonomie ; notée, sans score.	Uma fase normal de autonomia; registada, sem pontuação.	Clear limits, offer choices	Limites claires, proposer des choix	Limites claros, oferecer escolhas	
soc.humour	soc.observations	behaviour	none	Observation	Shows a sense of humour	A le sens de l'humour	Tem sentido de humor	Laughs at or makes simple jokes.	Rit ou fait des blagues simples.	Ri ou faz piadas simples.	Silly jokes and riddles together	Blagues et devinettes ensemble	Piadas e adivinhas juntos	
auto.opens_mouth	auto.eating	milestone	cdc22:4	CDC 2022 (4 m)	Opens mouth when seeing breast or bottle	Ouvre la bouche en voyant le sein ou le biberon	Abre a boca ao ver o peito ou o biberão	Shows anticipation of feeding when hungry.	Montre qu'il anticipe le repas quand il a faim.	Mostra que antecipa a refeição quando tem fome.	Calm, responsive feeding	Alimentation calme, à l'écoute	Alimentação calma e atenta	
auto.closes_lips	auto.eating	milestone	cdc22:6	CDC 2022 (6 m)	Closes lips to show they don't want more	Ferme la bouche pour dire qu'il n'en veut plus	Fecha a boca para dizer que não quer mais	Signals being full.	Signale qu'il est rassasié.	Sinaliza que está satisfeito.	Respect fullness signals	Respecter les signaux de satiété	Respeitar os sinais de saciedade	
auto.cup_held	auto.eating	milestone	cdc22:12	CDC 2022 (12 m)	Drinks from an open cup you hold	Boit dans un verre que vous tenez	Bebe de um copo que segura por ele	Sips from a cup without a lid while you hold it.	Boit à petites gorgées dans un verre sans couvercle que vous tenez.	Bebe aos golinhos de um copo sem tampa que segura.	Offer water in a small open cup	Proposer de l'eau dans un petit verre	Oferecer água num copo pequeno	
auto.finger_feeds	auto.eating	milestone	cdc22:15	CDC 2022 (15 m)	Feeds themself with fingers	Mange seul avec les doigts	Come sozinho com os dedos	Picks up and eats finger foods.	Prend et mange seul des morceaux.	Pega e come pedaços sozinho.	Offer soft finger foods	Proposer des morceaux fondants	Oferecer pedaços macios	
auto.cup_alone	auto.eating	milestone	cdc22:18	CDC 2022 (18 m)	Drinks from an open cup alone	Boit seul dans un verre	Bebe sozinho de um copo	May spill sometimes.	Peut parfois renverser.	Pode às vezes entornar.	Small, stable cups at every meal	Petits verres stables à chaque repas	Copos pequenos e estáveis em cada refeição	
auto.tries_spoon	auto.eating	milestone	cdc22:18	CDC 2022 (18 m)	Tries to use a spoon	Essaie d'utiliser une cuillère	Tenta usar uma colher	Brings a spoon to the mouth, with mess.	Porte la cuillère à la bouche, même en en mettant partout.	Leva a colher à boca, mesmo sujando.	Accept the mess; thick foods first	Accepter les dégâts ; purées épaisses d'abord	Aceitar a sujidade; comidas espessas primeiro	
auto.spoon	auto.eating	milestone	cdc22:24	CDC 2022 (2 y)	Eats with a spoon	Mange avec une cuillère	Come com uma colher	Feeds themself with a spoon, mostly without spilling.	Mange seul à la cuillère, sans trop renverser.	Come sozinho à colher, sem entornar muito.	Child-size cutlery	Couverts adaptés	Talheres à sua medida	
auto.fork	auto.eating	milestone	cdc22:36	CDC 2022 (3 y)	Uses a fork	Utilise une fourchette	Usa um garfo	Spears food with a fork.	Pique les aliments avec une fourchette.	Espeta a comida com um garfo.	Family meals together	Repas en famille	Refeições em família	
auto.serves_self	auto.eating	milestone	cdc22:48	CDC 2022 (4 y)	Serves food or pours water	Se sert ou verse de l'eau	Serve-se ou deita água	Serves themself or pours water with supervision.	Se sert ou verse de l'eau, sous surveillance.	Serve-se ou deita água, com supervisão.	Small jug at the table	Petite carafe à table	Pequeno jarro à mesa	
auto.knife	auto.eating	milestone	cdc:60	CDC 2004–2021 (5 y)	Uses fork, spoon and sometimes a table knife	Utilise fourchette, cuillère et parfois un couteau	Usa garfo, colher e às vezes uma faca	Spreads or cuts soft food with a table knife.	Tartine ou coupe des aliments mous avec un couteau de table.	Barra ou corta alimentos moles com uma faca de mesa.	Let them spread butter or cut a banana	Le laisser tartiner ou couper une banane	Deixá-lo barrar manteiga ou cortar uma banana	
auto.hands_wash	auto.hygiene	milestone	cdc22:18	CDC 2022 (18 m)	Puts hands out to be washed	Tend les mains pour qu'on les lave	Estende as mãos para as lavar	Cooperates with hand washing.	Coopère au lavage des mains.	Coopera na lavagem das mãos.	Hand-washing song	Chanson du lavage de mains	Canção de lavar as mãos	
auto.toothbrush	auto.hygiene	milestone	est:24	Estimate (AAP guidance)	Brushes teeth with help	Se brosse les dents avec aide	Lava os dentes com ajuda	Holds the toothbrush and brushes; an adult finishes.	Tient la brosse et brosse ; un adulte termine.	Segura a escova e escova; um adulto termina.	Brush together, morning and night	Se brosser les dents ensemble, matin et soir	Lavar os dentes juntos, manhã e noite	
auto.toilet_interest	auto.hygiene	milestone	est:24	Estimate (AAP guidance)	Shows interest in the potty	S'intéresse au pot	Mostra interesse no bacio	Tells you about a wet nappy or wants to sit on the potty.	Signale une couche mouillée ou veut s'asseoir sur le pot.	Avisa da fralda molhada ou quer sentar-se no bacio.	Books about the potty, no pressure	Livres sur le pot, sans pression	Livros sobre o bacio, sem pressão	
auto.toilet_day	auto.hygiene	milestone	est:30	Estimate (AAP guidance: most between 18 m and 3 y)	Dry during the day	Propre la journée	Sem fralda durante o dia	Uses the potty or toilet during the day with few accidents.	Utilise le pot ou les toilettes le jour, avec peu d'accidents.	Usa o bacio ou a sanita de dia, com poucos acidentes.	Regular potty times; praise, never punish	Passages réguliers ; féliciter, jamais punir	Idas regulares; elogiar, nunca castigar	
auto.toilet_alone	auto.hygiene	milestone	cdc:60	CDC 2004–2021 (5 y)	Uses the toilet alone	Va aux toilettes seul	Vai à casa de banho sozinho	Goes to the toilet, wipes and washes hands on their own.	Va aux toilettes, s'essuie et se lave les mains seul.	Vai à casa de banho, limpa-se e lava as mãos sozinho.	Step stool and easy clothes	Marchepied et vêtements faciles	Banco e roupa fácil	
auto.chores	auto.hygiene	milestone	cdc22:60	CDC 2022 (5 y)	Does simple chores at home	Fait de petites tâches à la maison	Faz pequenas tarefas em casa	E.g. matching socks, clearing the table.	Par exemple, assortir les chaussettes, débarrasser la table.	Por exemplo, emparelhar meias, levantar a mesa.	A small chore chart	Un petit tableau des tâches	Um pequeno quadro de tarefas	
auto.helps_dress	auto.dressing	milestone	cdc22:18	CDC 2022 (18 m)	Helps you dress (pushes arm through sleeve)	Aide à s'habiller (passe le bras dans la manche)	Ajuda a vestir-se (enfia o braço na manga)	Cooperates actively when being dressed.	Coopère activement quand on l'habille.	Coopera ativamente quando o vestem.	Name each step while dressing	Nommer chaque étape de l'habillage	Nomear cada passo ao vestir	
auto.undress	auto.dressing	milestone	cdc22:30	CDC 2022 (30 m)	Takes some clothes off alone	Enlève seul certains vêtements	Tira sozinho algumas peças de roupa	E.g. loose trousers, an open jacket.	Par exemple, un pantalon large, une veste ouverte.	Por exemplo, calças largas, um casaco aberto.	Easy clothes with elastic waists	Vêtements faciles à taille élastique	Roupa fácil com elástico	
auto.dress_some	auto.dressing	milestone	cdc22:36	CDC 2022 (3 y)	Puts on some clothes alone	Met seul certains vêtements	Veste sozinho algumas peças	E.g. loose trousers or a jacket.	Par exemple, un pantalon large ou une veste.	Por exemplo, calças largas ou um casaco.	Lay clothes out in order	Préparer les vêtements dans l'ordre	Preparar a roupa pela ordem	
auto.unbuttons	auto.dressing	milestone	cdc22:48	CDC 2022 (4 y)	Unbuttons some buttons	Déboutonne quelques boutons	Desabotoa alguns botões	Undoes large buttons.	Défait de gros boutons.	Desabotoa botões grandes.	Button boards, big buttons on coats	Planches à boutons, gros boutons	Tabuleiros de botões, botões grandes	
auto.buttons	auto.dressing	milestone	cdc22:60	CDC 2022 (5 y)	Buttons some buttons	Boutonne quelques boutons	Aperta alguns botões	Does up some buttons alone.	Boutonne seul quelques boutons.	Aperta sozinho alguns botões.	Practise on a shirt on the table first	S'entraîner d'abord sur une chemise posée à plat	Praticar primeiro numa camisa pousada na mesa	
auto.dress_alone	auto.dressing	learning_goal	goal:4-6	École maternelle (cycle 1)	Dresses alone (except laces)	S'habille seul (sauf les lacets)	Veste-se sozinho (exceto atacadores)	Gets dressed completely without help, apart from laces.	S'habille entièrement sans aide, sauf les lacets.	Veste-se completamente sem ajuda, exceto atacadores.	Give time in the morning; praise independence	Laisser du temps le matin ; valoriser l'autonomie	Dar tempo de manhã; valorizar a autonomia	
auto.laces	auto.dressing	learning_goal	goal:5-7	Common learning goal	Ties shoelaces	Fait ses lacets	Aperta os atacadores	Ties a bow with shoelaces.	Fait un nœud-boucle avec ses lacets.	Faz um laço com os atacadores.	"Lacing board, ""bunny ears"" method"	Planche à lacets, méthode des « oreilles de lapin »	Tabuleiro de atacadores, método das «orelhas de coelho»	
