id	name_en	name_fr	name_pt	status
mt_AzTrT5ySCx	AI in Daily Life	L'IA au quotidien	A IA no dia a dia	draft
mt_XbGfVhfiUz	Computers in Everyday Life	Les ordinateurs au quotidien	Os computadores no dia a dia	draft
mt_jvJ35MmCvK	Real-World Robots	Les robots dans la vie réelle	Robôs no mundo real	draft
mt_WRRv1ABECC	Smart Versus Not-Smart Devices	Appareils intelligents ou non	Aparelhos inteligentes ou não	draft
mt__p5n8z5soJ	Step-by-Step Instructions	Instructions pas à pas	Instruções passo a passo	draft
mt_u6SYiVx7FX	Voice Assistants and How They Work	Les assistants vocaux et leur fonctionnement	Os assistentes de voz e como funcionam	draft
mt_GugVunb2lI	Monitoring Comprehension	Vérifier sa compréhension	Verificar a compreensão	draft
mt_scBgiMKhG_	Reading for Meaning	Lire pour comprendre	Ler para compreender	draft
mt_mKAZTqItRG	Apostrophes: Contraction and Possession	Apostrophes : contraction et possession (anglais)	Apóstrofos: contração e posse (inglês)	draft
mt_yBJyCfhtem	Basic Nouns & Verbs	Noms et verbes simples	Nomes e verbos simples	draft
mt_N8CpN1EJrP	Building sentences	Construire des phrases	Construir frases	draft
mt_uM6q_KBWKy	Capitals for Names, Days and I	Majuscules pour les noms, les jours et « I »	Maiúsculas para nomes, dias e «I»	draft
mt_ntqNLHsj5n	Commas in lists	Virgules dans les listes	Vírgulas nas enumerações	draft
mt_RioBUxHz1X	Determiners and articles	Déterminants et articles	Determinantes e artigos	draft
mt_cU3LcEVkBQ	Expanded noun phrases	Groupes nominaux enrichis	Grupos nominais expandidos	draft
mt_u1-UfD0rTH	Four Types of Sentences	Les quatre types de phrases	Os quatro tipos de frase	draft
mt_qzwQAOfurw	Grammar Terms: Nouns, Verbs and Tense	Termes de grammaire : noms, verbes, temps	Termos de gramática: nomes, verbos, tempos	draft
mt_TfOiog-ALs	Grammar words: letter, word, sentence	Mots de la grammaire : lettre, mot, phrase	Palavras da gramática: letra, palavra, frase	draft
mt_YXVQaufkKO	Joining Words with 'And'	Relier des mots avec « et »	Ligar palavras com «e»	draft
mt_enj1sMcfOT	Past, Present and Progressive Tense	Passé, présent et forme progressive	Passado, presente e forma progressiva	draft
mt_VY3rBq8RyP	Prepositions	Prépositions	Preposições	draft
mt_sZXPK1FnRB	Pronouns	Pronoms	Pronomes	draft
mt_6lHBTwQPrS	Question Words	Mots interrogatifs	Palavras interrogativas	draft
mt_18qkgxr_-T	Regular Plural Nouns	Pluriels réguliers des noms	Plurais regulares dos nomes	draft
mt_of2GggtxFl	Spaces Between Words	Espaces entre les mots	Espaços entre as palavras	draft
mt_QEr24lqzvH	Starting and Ending Sentences	Commencer et terminer une phrase	Começar e terminar frases	draft
mt_u7Jxjjatkh	Subject-verb agreement	Accord sujet-verbe	Concordância sujeito-verbo	draft
mt_wq-1OJ_8s5	Subordinate clauses	Propositions subordonnées	Orações subordinadas	draft
mt_H7DquwQi_F	Forming Capital Letters	Former les lettres capitales	Formar as letras maiúsculas	draft
mt_02DH7sGXCi	Joining Letters	Attacher les lettres	Ligar as letras	draft
mt_DMvKfP4uGC	Letter Formation Families	Familles de tracés de lettres	Famílias de traçado das letras	draft
mt_WBfj79OqXz	Sitting and holding a pencil	Bien s'asseoir et tenir un crayon	Sentar-se bem e segurar um lápis	draft
mt_oAK9GXSfqV	Writing digits 0-9	Écrire les chiffres de 0 à 9	Escrever os algarismos de 0 a 9	draft
mt_OgJPbGkrYk	Alternative Spellings for Known Sounds	Autres graphies de sons connus (anglais)	Outras grafias de sons conhecidos (inglês)	draft
mt__KHQttMde3	Blending Sounds to Read Words	Fusionner les sons pour lire des mots	Juntar sons para ler palavras	draft
mt_70Ys4i1AB1	Compound Words	Mots composés	Palavras compostas	draft
mt_9-OHslmt1g	Consonant Digraphs	Digrammes consonantiques (anglais)	Dígrafos consonânticos (inglês)	draft
mt_fMd7v87IiI	Diphthongs and complex vowels	Diphtongues et voyelles complexes (anglais)	Ditongos e vogais complexas (inglês)	draft
mt_frDIaXzWbx	Knowing all letters	Connaître toutes les lettres	Conhecer todas as letras	draft
mt_PvU3eoikev	Onsets & Rimes	Attaques et rimes	Ataques e rimas	draft
mt_a6m7PqTuJN	R-Controlled Vowel Sounds	Voyelles suivies de « r » (anglais)	Vogais seguidas de «r» (inglês)	draft
mt_t1JXeNgKcu	Reading Contractions	Lire les contractions (anglais)	Ler contrações (inglês)	draft
mt_YKkCM63fSC	Reading High-Frequency Words by Sight	Lire les mots fréquents d'un coup d'œil	Ler palavras frequentes à primeira vista	draft
mt__CMXZiPfTV	Reading Inflectional Endings	Lire les terminaisons	Ler as terminações	draft
mt_ZhvwM6LMBL	Reading fluently	Lire avec fluidité	Ler com fluência	draft
mt_V-ldQp56bF	Reading with Expression and Accuracy	Lire avec expression et précision	Ler com expressão e precisão	draft
mt_4GiE83rJF_	Rhyming words	Mots qui riment	Palavras que rimam	draft
mt_F978c32kDr	Single Letter Sounds	Sons des lettres seules	Sons das letras isoladas	draft
mt_C7abt7pRr6	Split Digraphs and Magic E	Digrammes séparés et « e magique » (anglais)	Dígrafos separados e «e mágico» (inglês)	draft
mt_UvNrOXny1i	Syllables	Syllabes	Sílabas	draft
mt_kVzAFMuFc4	Syllables (age 6+)	Syllabes (6 ans et +)	Sílabas (6 anos e +)	draft
mt_roAgL1rQRF	Trigraphs	Trigrammes (anglais)	Trígrafos (inglês)	draft
mt_1KCwbGvm1F	Understanding print	Comprendre l'écrit	Compreender a escrita	draft
mt_BtMbZibZUj	Vowel Digraphs	Digrammes vocaliques (anglais)	Dígrafos vocálicos (inglês)	draft
mt_XeMZdf2Y9W	Book Features and Author's Reasons	Éléments du livre et intentions de l'auteur	Elementos do livro e intenções do autor	draft
mt_xjl6AEhnjk	Characters' Viewpoints and Responses	Points de vue et réactions des personnages	Pontos de vista e reações das personagens	draft
mt_sSQlLOnAow	Characters, settings, and events	Personnages, lieux et événements	Personagens, cenários e acontecimentos	draft
mt_GLY3R3YSlf	Comparing Characters Across Stories	Comparer les personnages de plusieurs histoires	Comparar personagens de várias histórias	draft
mt_5n-O41lUgn	Connecting reading to experience	Relier la lecture à son vécu	Ligar a leitura à própria experiência	draft
mt_gZIo5oiBMt	Different Types of Texts	Différents types de textes	Diferentes tipos de textos	draft
mt_thsY1ZesaU	Discussing Texts as a Group	Discuter des textes en groupe	Discutir textos em grupo	draft
mt_fL1Xz8ostr	Expressive and Sensory Language	Langage expressif et sensoriel	Linguagem expressiva e sensorial	draft
mt_mLPEMpYb_R	Listening to Texts Read Aloud	Écouter des textes lus à voix haute	Ouvir textos lidos em voz alta	draft
mt_QCWWmDMYZR	Main Topic & Key Details	Sujet principal et détails clés	Tema principal e pormenores-chave	draft
mt_aFvsj35QzC	Main Topic of Informational Texts	Sujet principal des textes documentaires	Tema principal dos textos informativos	draft
mt_ZhUuT__i2H	Non-Fiction Text Features	Éléments des textes documentaires	Elementos dos textos não ficcionais	draft
mt_OlhMP7ShFT	Pictures and Text Working Together	Images et texte ensemble	Imagens e texto em conjunto	draft
mt_8-POYyg7GJ	Predicting what happens next	Prédire la suite	Prever o que acontece a seguir	draft
mt_E5KC4AnRLW	Reading between the lines	Lire entre les lignes	Ler nas entrelinhas	draft
mt_zlSoIKPyId	Retelling Stories with Structure	Raconter une histoire avec sa structure	Recontar histórias com estrutura	draft
mt_rQ2YJJi4uh	Self-Correcting While Reading	Se corriger en lisant	Autocorrigir-se ao ler	draft
mt_VEwM7ClYYE	Story Sequence and Central Message	Ordre de l'histoire et message principal	Sequência da história e mensagem central	draft
mt_f8n4txtLej	Asking Questions	Poser des questions	Fazer perguntas	draft
mt_4A7FYmvVhA	Describing Aloud	Décrire à voix haute	Descrever em voz alta	draft
mt_n6GhzDPllD	Exploring Ideas Through Talk	Explorer des idées en parlant	Explorar ideias a conversar	draft
mt_S0hzjAeLSK	Expressing & Justifying Opinions	Exprimer et justifier une opinion	Exprimir e justificar opiniões	draft
mt_wwdRhPyz6s	Group discussions	Discussions de groupe	Discussões em grupo	draft
mt_mB7DVai-Uf	Listening and responding	Écouter et répondre	Ouvir e responder	draft
mt_ZBMcX2oRor	Reciting Poetry	Réciter des poèmes	Recitar poemas	draft
mt_p_jxNLdus4	Alternative Spellings for Sounds	Autres graphies des sons (anglais)	Outras grafias dos sons (inglês)	draft
mt_Z3G_97fnha	Apostrophes for possession	Apostrophe de possession (anglais)	Apóstrofo de posse (inglês)	draft
mt_EqXlZfB4jp	Phonics Vocabulary	Vocabulaire de la phonologie	Vocabulário da fonologia	draft
mt_BhYJZUsErp	Segmenting words into sounds	Découper les mots en sons	Dividir palavras em sons	draft
mt_IntmJBg4VQ	Spelling Contracted Forms	Écrire les formes contractées (anglais)	Escrever formas contraídas (inglês)	draft
mt_QdMMLRYWhn	Spelling Verb Endings	Écrire les terminaisons des verbes	Escrever as terminações dos verbos	draft
mt_AhfyJoTQtY	Spelling from Dictation	Écrire sous la dictée	Escrever ditados	draft
mt_FYK8m6eHQm	Suffixes	Suffixes	Sufixos	draft
mt_zBUcAPDRPM	The Prefix un-	Le préfixe un- (anglais)	O prefixo un- (inglês)	draft
mt_Jq0MjURrRC	Tricky words	Mots-outils irréguliers	Palavras irregulares	draft
mt_f_dMmvzxwo	Defining Words	Définir des mots	Definir palavras	draft
mt_6-MYToNZ39	Discussing and Questioning New Words	Discuter des mots nouveaux	Discutir palavras novas	draft
mt_UEe3MC5RZc	Root Words & Inflections	Radicaux et flexions	Radicais e flexões	draft
mt_VLu59hpQ4T	Shades of Meaning	Nuances de sens	Matizes de significado	draft
mt_oL9s_bufDp	Sorting & Categorising Words	Trier et classer les mots	Ordenar e classificar palavras	draft
mt_NP101Zl-4g	Using New Vocabulary	Utiliser du vocabulaire nouveau	Usar vocabulário novo	draft
mt_aw0PldeT_L	Word Parts as Clues	Les parties des mots comme indices	Partes das palavras como pistas	draft
mt_hp2qJ-QRBn	Basic Informational Writing	Écrire pour informer (bases)	Escrita informativa básica	draft
mt_lIs10UMkPG	Building Writing Stamina	Gagner en endurance à l'écrit	Ganhar resistência na escrita	draft
mt_9P9o6d0Qm3	Planning Ideas Before Writing	Préparer ses idées avant d'écrire	Planear ideias antes de escrever	draft
mt_OyOYHlZ2_T	Responding to Writing Feedback	Tenir compte des retours sur son écrit	Responder ao feedback sobre a escrita	draft
mt_I65kFjWwnF	Revising and editing	Réviser et corriger	Rever e corrigir	draft
mt_PJyCGJz5Hv	Saying Sentences Before Writing Them	Dire ses phrases avant de les écrire	Dizer as frases antes de as escrever	draft
mt_4A4RpX-Go9	Shared Research Projects	Projets de recherche en commun	Projetos de pesquisa partilhados	draft
mt_nYU6x2E2T8	Sharing and Publishing Your Writing	Partager et publier ses écrits	Partilhar e publicar a escrita	draft
mt_nDAcXoPa0c	Simple Stories with Beginning and Ending	Histoires simples avec un début et une fin	Histórias simples com princípio e fim	draft
mt_WKxX-b86Vr	Structured Opinion Writing	Écrire une opinion structurée	Escrita de opinião estruturada	draft
mt_YNe6siFTFq	Writing Poetry	Écrire des poèmes	Escrever poemas	draft
mt_o8ciHks8t2	Writing Process Vocabulary	Vocabulaire de l'écriture	Vocabulário do processo de escrita	draft
mt_91f1XFvGZq	Writing opinions	Écrire son avis	Escrever opiniões	draft
mt__MDiDU9Vck	Writing to inform	Écrire pour informer	Escrever para informar	draft
mt_IR8kIjZn_V	Discovering Tutankhamun's Tomb	La découverte du tombeau de Toutânkhamon	A descoberta do túmulo de Tutankhamon	draft
mt_8UL1opbJEt	Egypt, the Nile, and the Desert	L'Égypte, le Nil et le désert	O Egito, o Nilo e o deserto	draft
mt_bvxkT1nepy	Egyptian Gods and the Afterlife	Les dieux égyptiens et l'au-delà	Os deuses egípcios e o além	draft
mt_P0HBNfp46z	Everyday Life in Ancient Egypt	La vie quotidienne dans l'Égypte ancienne	A vida quotidiana no Antigo Egito	draft
mt_iFkd0CTwlA	Hieroglyphs and Papyrus	Hiéroglyphes et papyrus	Hieróglifos e papiro	draft
mt_E7avIa-tcE	Pharaohs and Tutankhamun	Les pharaons et Toutânkhamon	Os faraós e Tutankhamon	draft
mt_mmudyxf7bT	Pyramids and the Great Sphinx	Les pyramides et le Grand Sphinx	As pirâmides e a Grande Esfinge	draft
mt_szw1Ln490b	Vocabulary: ancient egypt	Vocabulaire : l'Égypte ancienne	Vocabulário: o Antigo Egito	draft
mt_mMMXD4v9Sh	Ancient Greece and Rome on the Map	La Grèce et Rome antiques sur la carte	A Grécia e Roma antigas no mapa	draft
mt_19qy2uuaKp	Ancient life vs today	La vie dans l'Antiquité et aujourd'hui	A vida na Antiguidade e hoje	draft
mt_PhIZNl2230	Greek Myths and Heroes	Mythes et héros grecs	Mitos e heróis gregos	draft
mt_H1pAi4F_Oh	Greek gods & Mount Olympus	Les dieux grecs et le mont Olympe	Os deuses gregos e o monte Olimpo	draft
mt_VjxyJLtIbT	Roman soldiers & builders	Soldats et bâtisseurs romains	Soldados e construtores romanos	draft
mt_zh_RyesCgZ	Romulus & Remus	Romulus et Rémus	Rómulo e Remo	draft
mt_bKV2JYNwf7	The first Olympics	Les premiers Jeux olympiques	Os primeiros Jogos Olímpicos	draft
mt_2GDBmKCJxs	Different Accounts of the Same Event	Différents récits d'un même événement	Diferentes relatos do mesmo acontecimento	draft
mt_9REmUc8r4D	Evidence from the Past	Les traces du passé	Vestígios do passado	draft
mt_VXcua6-txq	Vocabulary: historical thinking	Vocabulaire : penser l'histoire	Vocabulário: pensamento histórico	draft
mt_2DBPJ38iWl	Kings & Queens	Rois et reines	Reis e rainhas	draft
mt_M_xcaRcvSo	Knights & Armour	Chevaliers et armures	Cavaleiros e armaduras	draft
mt_R1xLS1c2Pg	Medieval Clothing	Vêtements du Moyen Âge	Vestuário medieval	draft
mt_2NKzPeLzIm	Medieval Food & Feasts	Repas et festins du Moyen Âge	Comida e banquetes medievais	draft
mt_0FYFiLTqx4	Robin Hood & King Arthur	Robin des Bois et le roi Arthur	Robin dos Bosques e o rei Artur	draft
mt_X5fdB4haHf	The Vikings	Les Vikings	Os Vikings	draft
mt_PThM5P7Umd	Village Life	La vie au village	A vida na aldeia	draft
mt_oN7fI4d_kU	What Is a Castle?	Qu'est-ce qu'un château ?	O que é um castelo?	draft
mt_mvXufozy2s	Asking for Help	Demander de l'aide	Pedir ajuda	draft
mt_8dstvf-KKb	Checking Your Own Work	Vérifier son propre travail	Verificar o próprio trabalho	draft
mt_klyw-tdlhP	Feeling of not understanding	Le sentiment de ne pas comprendre	A sensação de não perceber	draft
mt_S4G6GLKr1-	Persisting When It's Hard	Persévérer quand c'est difficile	Persistir quando é difícil	draft
mt_QR3vxbN1o4	Planning a Task	Planifier une tâche	Planear uma tarefa	draft
mt_LE7nFEwS12	Thinking Before Starting	Réfléchir avant de commencer	Pensar antes de começar	draft
mt_SbEaQnMQoD	Buyers & Sellers	Acheteurs et vendeurs	Compradores e vendedores	draft
mt_RgQxPddV8v	Goods & Services	Biens et services	Bens e serviços	draft
mt_CrGnpVjnk8	Making Something to Sell	Fabriquer quelque chose à vendre	Fazer algo para vender	draft
mt_vpMDMbx4pc	Who Is a Customer?	Qu'est-ce qu'un client ?	O que é um cliente?	draft
mt_RNRymbz5SO	Buying Things	Acheter des choses	Comprar coisas	draft
mt_FIkqA0qhnj	Coins & Notes	Pièces et billets	Moedas e notas	draft
mt_asRwlPZXC3	Jobs People Do	Les métiers	As profissões	draft
mt_FNSeo9_T2Z	Looking After Money	Prendre soin de son argent	Cuidar do dinheiro	draft
mt__ab4knIaSL	Needs & Wants	Besoins et envies	Necessidades e desejos	draft
mt_zrCyqhngYm	Saving Money	Épargner	Poupar dinheiro	draft
mt_SsS7GptD_o	What Money Is	Qu'est-ce que l'argent ?	O que é o dinheiro	draft
mt_Zx1xZM-RbX	Adding Three Small Numbers	Additionner trois petits nombres	Somar três números pequenos	draft
mt_mr_Vk7FGzK	Adding and subtracting	Additionner et soustraire	Somar e subtrair	draft
mt_I5j1ZWo2cn	Adding and subtracting tens mentally	Ajouter et retirer des dizaines de tête	Somar e subtrair dezenas mentalmente	draft
mt_UQnAFPs83F	Adding two two-digit numbers	Additionner deux nombres à deux chiffres	Somar dois números de dois algarismos	draft
mt_glPPG-kTQY	Adding within 100	Additionner jusqu'à 100	Somar até 100	draft
mt_PpWSHA-0kv	Addition and subtraction strategies	Stratégies d'addition et de soustraction	Estratégias de adição e subtração	draft
mt_m1W6nTQJ2b	Addition and subtraction within 20	Addition et soustraction jusqu'à 20	Adição e subtração até 20	draft
mt_yJmvUCCym7	Addition and subtraction word problems	Problèmes d'addition et de soustraction	Problemas de adição e subtração	draft
mt_OvyoRo47K-	Addition as combining or putting together two	L'addition, c'est réunir deux quantités	A adição é juntar duas quantidades	draft
mt_QCgbiVrwnp	Addition in any order	L'addition dans n'importe quel ordre	A adição em qualquer ordem	draft
mt_VAWV_l7J0D	Early Word Problems	Premiers problèmes	Primeiros problemas	draft
mt_ezc2m_0dzN	Finding a missing number in addition	Trouver le nombre manquant d'une addition	Encontrar o número em falta numa adição	draft
mt__we2TDqnJx	Fluent adding and subtracting within 10	Additionner et soustraire avec aisance jusqu'à 10	Somar e subtrair com fluência até 10	draft
mt_ghF3Vv6taM	Fluent adding and subtracting within 5	Additionner et soustraire avec aisance jusqu'à 5	Somar e subtrair com fluência até 5	draft
mt_3e_PQxwC12	Fluent addition and subtraction	Addition et soustraction fluides	Adição e subtração fluentes	draft
mt_T76hKqXf0z	Grouping numbers to add	Regrouper des nombres pour additionner	Agrupar números para somar	draft
mt_ehGS_uVSJv	Inverse: addition undoes subtraction	L'addition défait la soustraction	A adição desfaz a subtração	draft
mt_AKAtWEwpcj	Mental addition and subtraction (age 6+)	Calcul mental : addition et soustraction (6 ans et +)	Cálculo mental: adição e subtração (6 anos e +)	draft
mt_wzAZ8qFDc4	Mental and written addition and subtraction	Addition et soustraction, de tête et posées	Adição e subtração mental e escrita	draft
mt_s2mfRBoTal	Number bonds	Compléments	Pares de números	draft
mt_e8CZ7E5qW7	Number bonds to 9	Compléments jusqu'à 9	Pares de números até 9	draft
mt_7XcCG43ZZW	Numbers up to 10 into pairs	Décomposer les nombres jusqu'à 10 en deux parties	Decompor números até 10 em pares	draft
mt_8RmpkDxT9L	Reading +, −, and = symbols	Lire les signes +, − et =	Ler os sinais +, − e =	draft
mt_PgsHGYJMH-	Representing Addition and Subtraction	Représenter l'addition et la soustraction	Representar a adição e a subtração	draft
mt_HJTuIGHvcR	Subtracting multiples of 10	Soustraire des dizaines	Subtrair múltiplos de 10	draft
mt_zuKAX6lcYR	Subtraction as taking away or separating	La soustraction, c'est enlever ou séparer	A subtração é tirar ou separar	draft
mt_3JgrHY221M	Unknown in Addition & Subtraction	L'inconnue dans l'addition et la soustraction	O desconhecido na adição e subtração	draft
mt_oIzycTBeE4	What the equals sign means	Ce que signifie le signe égal	O que significa o sinal de igual	draft
mt__h7hvT4tEb	Comparing groups: more or fewer	Comparer des groupes : plus ou moins	Comparar grupos: mais ou menos	draft
mt_aHAM29nidj	Counting forwards and backwards	Compter en avançant et en reculant	Contar para a frente e para trás	draft
mt_OkSJfrmFb_	Counting forwards and backwards (age 6+)	Compter en avançant et en reculant (6 ans et +)	Contar para a frente e para trás (6 anos e +)	draft
mt_nvdpxAJTBG	Counting in 2s	Compter de 2 en 2	Contar de 2 em 2	draft
mt_yqAL6O5i_v	Counting objects to 20	Dénombrer des objets jusqu'à 20	Contar objetos até 20	draft
mt_dmNvjroCPT	How Many in Total?	Combien en tout ?	Quantos ao todo?	draft
mt_sYpKWbq5ra	One More Each Time	Un de plus à chaque fois	Mais um de cada vez	draft
mt_WcfaSfVT33	One-to-one counting	Compter un par un (correspondance terme à terme)	Contar um a um (correspondência termo a termo)	draft
mt_pAcaehday5	Representing numbers with objects	Représenter les nombres avec des objets	Representar números com objetos	draft
mt_M5PPDJStGm	Rote counting to 100	Réciter la comptine numérique jusqu'à 100	Recitar os números até 100	draft
mt__YRJ23GuIK	Two written numerals between 1 and 10	Comparer deux nombres écrits entre 1 et 10	Comparar dois números escritos entre 1 e 10	draft
mt_c29FaCTNsx	Pictograms and tally charts	Pictogrammes et tableaux de comptage	Pictogramas e tabelas de contagem	draft
mt_u5HkSxZECM	Pictograms and tally charts (age 6+)	Pictogrammes et tableaux de comptage (6 ans et +)	Pictogramas e tabelas de contagem (6 anos e +)	draft
mt_ylXdiVRAYv	Sorting Data into Categories	Classer des données en catégories	Classificar dados em categorias	draft
mt_xppl18avyY	Sorting into categories	Trier par catégories	Separar por categorias	draft
mt_1VSfm9yiLn	Sorting into categories (age 6+)	Trier par catégories (6 ans et +)	Separar por categorias (6 anos e +)	draft
mt_hyvHv2BCwb	Decomposing a shape into more equal shares	Partager une forme en parts égales	Dividir uma forma em partes iguais	draft
mt_g3W0mdADVu	Finding halves and quarters (age 5+)	Trouver des moitiés et des quarts (5 ans et +)	Encontrar metades e quartos (5 anos e +)	draft
mt_vKcxX6iNOA	Fraction Notation	Écriture des fractions	Notação de frações	draft
mt_cFltwUQi-d	Fractions of amounts	Fractions de quantités	Frações de quantidades	draft
mt_xACS3rWWDp	Halves & Quarters of Shapes	Moitiés et quarts de formes	Metades e quartos de formas	draft
mt_MyGblah2yY	Understanding fractions	Comprendre les fractions	Compreender frações	draft
mt_-hTTat0mBR	What Is a Half?	Qu'est-ce qu'une moitié ?	O que é uma metade?	draft
mt_UooUHC_V7U	2-D faces on 3-D shapes	Faces planes des solides	Faces planas dos sólidos	draft
mt_KJeEeTutJI	2-D shapes	Formes planes	Formas planas	draft
mt_sBcRdUfAzV	2-D shapes (age 6+)	Formes planes (6 ans et +)	Formas planas (6 anos e +)	draft
mt_Qcp2d_kuta	3-D shapes	Solides	Sólidos geométricos	draft
mt_yGv8doDAmp	3-D shapes (age 5+)	Solides (5 ans et +)	Sólidos geométricos (5 anos e +)	draft
mt_bfhng6mOuy	Angles in triangles (age 6+)	Angles des triangles (6 ans et +)	Ângulos dos triângulos (6 anos e +)	draft
mt_2VR963szuk	Building & Drawing Shapes	Construire et dessiner des formes	Construir e desenhar formas	draft
mt_QNxFnxikCN	Building with 3-D Shapes	Construire avec des solides	Construir com sólidos	draft
mt_XjwUlmxdCT	Combining Simple Shapes	Assembler des formes simples	Combinar formas simples	draft
mt_MqqR7VUoz1	Composing Shapes	Composer des formes	Compor formas	draft
mt_Mnodea7mG_	Edges, vertices, and faces	Arêtes, sommets et faces	Arestas, vértices e faces	draft
mt_mnEVZNkX3p	Flat vs Solid Shapes	Formes planes ou solides	Formas planas ou sólidas	draft
mt_WXW0hjNhph	Patterns & Sequences	Motifs et suites	Padrões e sequências	draft
mt_TdV9YGJEoY	Position, direction, and movement	Position, direction et déplacement	Posição, direção e movimento	draft
mt_qeZYF6HZ4o	Positional Language	Vocabulaire de position	Linguagem de posição	draft
mt_fEuoBYw6bU	Sorting 2-D and 3-D shapes	Trier formes planes et solides	Separar formas planas e sólidos	draft
mt_Y9XKzLrUAZ	Turns & Directions	Tours et directions	Voltas e direções	draft
mt_EBYGhd8X3x	Connecting Representations	Relier les représentations	Ligar representações	draft
mt_f67qGDhyfi	Connecting maths to real life	Relier les maths à la vie réelle	Ligar a matemática à vida real	draft
mt_lMz9nAs7VO	Early Maths Vocabulary	Premier vocabulaire mathématique	Primeiro vocabulário matemático	draft
mt_kJ5wYzO8qC	Explaining Mathematical Reasoning	Expliquer son raisonnement	Explicar o raciocínio matemático	draft
mt_RFeVlw0QvX	Finding efficient methods	Trouver des méthodes efficaces	Encontrar métodos eficientes	draft
mt_fZTn0W_iZR	Generalising Patterns	Généraliser des motifs	Generalizar padrões	draft
mt_O_UOTiMvT_	Guided Multi-Step Problem Solving	Résoudre des problèmes à étapes, avec aide	Resolver problemas com vários passos, com ajuda	draft
mt_20WfHhnL39	Hands-On Problem Solving	Résoudre des problèmes en manipulant	Resolver problemas manipulando	draft
mt_WkKkb7W9Qd	Making Sense of Problems	Donner du sens aux problèmes	Dar sentido aos problemas	draft
mt_zMEvtigoM3	Numbers on a number line	Les nombres sur une droite graduée	Números na reta numérica	draft
mt_TMoHjMhRS2	Precise Maths Communication	Communiquer précisément en maths	Comunicação matemática precisa	draft
mt_IM1G_7QzTa	Real-World to Maths Connections	Des situations réelles aux maths	Do mundo real à matemática	draft
mt_DW2D1c0fKx	Shape patterns	Motifs de formes	Padrões de formas	draft
mt_nyK25mNOeR	Showing Your Working	Montrer sa démarche	Mostrar o raciocínio	draft
mt_uG2mjHFOlO	Spotting mathematical patterns	Repérer des régularités	Encontrar padrões matemáticos	draft
mt_fLOkq-HfPB	Using objects to model real problems	Modéliser un problème avec des objets	Modelar problemas reais com objetos	draft
mt_AF2BeFQwfX	Adding money and giving change	Additionner de l'argent et rendre la monnaie	Somar dinheiro e dar o troco	draft
mt_4lp_b5Pzik	Capacity and volume	Contenance et volume	Capacidade e volume	draft
mt_DOe893F6gN	Choosing measurement units	Choisir les unités de mesure	Escolher unidades de medida	draft
mt_cPZwlUk8Nd	Coin Values	Valeur des pièces	Valor das moedas	draft
mt_zkFbMLpu3U	Comparing Capacity	Comparer des contenances	Comparar capacidades	draft
mt_uhuxX8sg9f	Comparing Lengths & Heights	Comparer des longueurs et des hauteurs	Comparar comprimentos e alturas	draft
mt_BFJ-ch_8QU	Comparing and ordering measurements	Comparer et ranger des mesures	Comparar e ordenar medidas	draft
mt_TcG90kS8nu	Comparing durations	Comparer des durées	Comparar durações	draft
mt_bj1YCgNWUx	Days, Weeks, Months & Years	Jours, semaines, mois et années	Dias, semanas, meses e anos	draft
mt_NtJYlJdUe9	Measurable Attributes of Objects	Grandeurs mesurables des objets	Grandezas mensuráveis dos objetos	draft
mt_skYly2Qm01	Measuring length	Mesurer des longueurs	Medir comprimentos	draft
mt_cqSf213hSa	Measuring length (age 6+)	Mesurer des longueurs (6 ans et +)	Medir comprimentos (6 anos e +)	draft
mt_KaF0SQvaiu	Measuring length and height (age 5+)	Mesurer longueur et hauteur (5 ans et +)	Medir comprimento e altura (5 anos e +)	draft
mt_zd0YkB3xNj	Measuring mass and weight	Mesurer la masse	Medir a massa	draft
mt_-P1kdZhHbL	Measuring mass and weight (age 4+)	Mesurer la masse (4 ans et +)	Medir a massa (4 anos e +)	draft
mt_6J1wmCWf41	Money Addition & Subtraction	Calculs avec l'argent	Contas com dinheiro	draft
mt_2XDGT5tei1	Number of minutes in an hour	Nombre de minutes dans une heure	Número de minutos numa hora	draft
mt_-vvVxpOHG2	Ordering Events in Time	Ordonner des événements dans le temps	Ordenar acontecimentos no tempo	draft
mt_pbuhUQJjtt	Pounds & Pence Notation	Notation des livres et pence (Royaume-Uni)	Notação de libras e pence (Reino Unido)	draft
mt_6XCURuNwPw	Sequence intervals of time	Intervalles de temps	Intervalos de tempo	draft
mt_0XxyaQLRhn	Telling Time: Hours and Half Hours	Lire l'heure : heures et demi-heures	Ver as horas: horas e meias horas	draft
mt_HNOPGJYiRK	Telling Time: Minutes	Lire l'heure : les minutes	Ver as horas: minutos	draft
mt__N55B7u7HD	Telling time to the minute	Lire l'heure à la minute près	Ver as horas ao minuto	draft
mt_GRWwTDZ3wD	Arrays for multiplication	Tableaux rectangulaires pour multiplier	Disposições retangulares para multiplicar	draft
mt_C9ZfT-4cgn	Commutative Multiplication	La multiplication est commutative	A multiplicação é comutativa	draft
mt_LpSuPgL31x	Division as equal sharing	La division comme partage équitable	A divisão como partilha equitativa	draft
mt_PZ909yPrEC	Multiplication as repeated addition	La multiplication comme addition répétée	A multiplicação como adição repetida	draft
mt_wh3UqnWsa7	Multiplication as repeated addition (age 6+)	La multiplication comme addition répétée (6 ans et +)	A multiplicação como adição repetida (6 anos e +)	draft
mt_0u4KLbvBa1	Odd and even numbers	Nombres pairs et impairs	Números pares e ímpares	draft
mt_zOWwLxa77y	Reading ×, ÷, and = Symbols	Lire les signes ×, ÷ et =	Ler os sinais ×, ÷ e =	draft
mt_HhuSDxwDNM	Times tables	Tables de multiplication	Tabuadas	draft
mt_kw7xmp68rU	10 More or 10 Less	10 de plus ou 10 de moins	Mais 10 ou menos 10	draft
mt_r0VXbfAmsH	A Ten Is Ten Ones	Une dizaine, c'est dix unités	Uma dezena são dez unidades	draft
mt_U0waNfD8PB	Comparing and ordering numbers	Comparer et ranger des nombres	Comparar e ordenar números	draft
mt_76SPWvdI7r	Number Words to 100	Les nombres en lettres jusqu'à 100	Números por extenso até 100	draft
mt_9IzhGUZ30z	Number Words to Twenty	Les nombres en lettres jusqu'à vingt	Números por extenso até vinte	draft
mt_kJGCjnuelW	Place value understanding and number facts	Valeur de position et faits numériques	Valor posicional e factos numéricos	draft
mt_x8TshvbbQT	Reading and writing numbers to 100	Lire et écrire les nombres jusqu'à 100	Ler e escrever números até 100	draft
mt_XV0B4kWwqL	Reading and writing numbers to 120	Lire et écrire les nombres jusqu'à 120	Ler e escrever números até 120	draft
mt_fR0UtsSREU	Reading and writing numbers to 20	Lire et écrire les nombres jusqu'à 20	Ler e escrever números até 20	draft
mt_9L3NQqgqRd	Representing Numbers	Représenter les nombres	Representar números	draft
mt_zfy1gOEewd	The multiples of 10	Les multiples de 10	Os múltiplos de 10	draft
mt_xmmgAzxe5j	The teen numbers	Les nombres de 11 à 19	Os números de 11 a 19	draft
mt_THl9GLxwoL	The two digits of a two-digit number	Les deux chiffres d'un nombre à deux chiffres	Os dois algarismos de um número de dois algarismos	draft
mt_kvrvpQris4	Expressing Feelings with Words	Exprimer ses émotions avec des mots	Exprimir sentimentos com palavras	draft
mt_ggcamLzXAy	Feelings Change and Differ	Les émotions changent et diffèrent	Os sentimentos mudam e variam	draft
mt_LhkP_KKIRS	Naming Basic Emotions	Nommer les émotions de base	Nomear as emoções básicas	draft
mt_9Y5-GjF2B0	Triggers and Causes of Feelings	Ce qui déclenche nos émotions	O que provoca os sentimentos	draft
mt_lAvS72LOUO	Everyday Kindness and Care	Gentillesse et attention au quotidien	Gentileza e cuidado no dia a dia	draft
mt_wzUzVEBqJb	Other People's Feelings and Thoughts	Les sentiments et pensées des autres	Os sentimentos e pensamentos dos outros	draft
mt_OJVkWvIaM_	Similarities & Differences	Ressemblances et différences	Semelhanças e diferenças	draft
mt_wRlf0g2MbB	Vocabulary: understanding others	Vocabulaire : comprendre les autres	Vocabulário: compreender os outros	draft
mt_PdYlsA33jB	Asking for Help	Demander de l'aide	Pedir ajuda	draft
mt_YbX3LD0Eca	Listening to Others	Écouter les autres	Ouvir os outros	draft
mt_HBcvu0UxYe	Makes someone a good friend	Ce qui fait un bon ami	O que faz um bom amigo	draft
mt_FwI7q7DSIx	Taking Turns and Sharing	Attendre son tour et partager	Esperar pela vez e partilhar	draft
mt_NS5t-Jzlh8	Vocabulary: working with others	Vocabulaire : travailler avec les autres	Vocabulário: trabalhar com os outros	draft
mt_UHQfb-n-w3	Actions and Their Consequences	Les actes et leurs conséquences	As ações e as suas consequências	draft
mt_q3vRl4dddK	Everyday Safety Awareness	La sécurité au quotidien	A segurança no dia a dia	draft
mt_Wc6cOTQ1bA	Right and Wrong Choices	Bons et mauvais choix	Escolhas certas e erradas	draft
mt_rkrG2w7WXI	Rules and agreements exist	Il existe des règles et des accords	Existem regras e acordos	draft
mt_uTKgmWqSoI	Vocabulary: making decisions and keeping safe	Vocabulaire : décider et rester en sécurité	Vocabulário: decidir e manter-se seguro	draft
mt_TU3BcLOgiV	Feelings Versus Actions	Ce qu'on ressent et ce qu'on fait	Sentimentos versus ações	draft
mt_69hFD2NgGe	Naming Your Feelings	Nommer ce qu'on ressent	Nomear os próprios sentimentos	draft
mt_H4YZ1rSKP3	Vocabulary: self	Vocabulaire : soi-même	Vocabulário: o próprio	draft
mt_aS-Gdh-MHx	Coping with Life Changes	Faire face aux changements	Lidar com as mudanças	draft
mt_UGf6jICEhs	Learning from Mistakes	Apprendre de ses erreurs	Aprender com os erros	draft
mt_nNDX_jZ-cb	Patience and Delayed Gratification	Patience et savoir attendre	Paciência e saber esperar	draft
mt_Iwg2diBSyW	Simple Calming Strategies	Stratégies simples pour se calmer	Estratégias simples para se acalmar	draft
mt_SeNxOZTHCN	Words for Big Feelings	Des mots pour les grandes émotions	Palavras para as grandes emoções	draft
mt_pwo81ls_J-	Animal Camouflage	Le camouflage des animaux	A camuflagem dos animais	draft
mt_oLHXfLujmh	Animal Homes	Les maisons des animaux	As casas dos animais	draft
mt_goZW_hQUa4	Animal Record-Holders	Les records des animaux	Os recordes dos animais	draft
mt_v3Vz_Pgjjv	Animals Everywhere	Des animaux partout	Animais por todo o lado	draft
mt_-vsLvsxp0L	How Animals Have Babies	Comment naissent les bébés animaux	Como nascem os bebés dos animais	draft
mt_V_wIdRZLsG	Nocturnal Animals	Les animaux nocturnes	Animais noturnos	draft
mt_muxjw0fxxN	Wild, Farm & Pet Animals	Animaux sauvages, de la ferme et de compagnie	Animais selvagens, da quinta e de estimação	draft
mt_u0TeRwRII_	Dinosaur Sizes	La taille des dinosaures	O tamanho dos dinossauros	draft
mt_dpM1l5IOk6	Dinosaurs Were Real	Les dinosaures ont vraiment existé	Os dinossauros existiram mesmo	draft
mt_BnabTHkNIp	Famous Dinosaur Species	Dinosaures célèbres	Espécies de dinossauros famosas	draft
mt_bKlnc7dyVK	Fossils & Palaeontologists	Fossiles et paléontologues	Fósseis e paleontólogos	draft
mt_DJh2JPwTf6	Plant-Eaters vs Meat-Eaters	Herbivores et carnivores	Herbívoros e carnívoros	draft
mt_JednrdYqpt	Real Dinosaurs vs Fiction	Vrais dinosaures et fiction	Dinossauros reais e ficção	draft
mt_qixeaiswFP	How Organisms Shape Habitats	Comment les êtres vivants façonnent leur habitat	Como os seres vivos moldam os habitats	draft
mt_HZvTriQWTh	Local weather patterns	La météo locale	Padrões do tempo local	draft
mt_go5i87u2b9	Seasonal changes	Les changements de saison	Mudanças das estações	draft
mt_Fw0bbM1e_g	Habitat Vocabulary	Vocabulaire des habitats	Vocabulário dos habitats	draft
mt_cM8YS6NXqi	Habitats & Basic Needs	Habitats et besoins essentiels	Habitats e necessidades básicas	draft
mt_Sa48W7KXB5	Living, Dead & Never Alive	Vivant, mort ou jamais vivant	Vivo, morto ou nunca vivo	draft
mt_ppENoD8vf1	Local Plants & Animals	Plantes et animaux de chez nous	Plantas e animais locais	draft
mt_e6PP4ip39V	Plants and animals in their habitats	Plantes et animaux dans leur habitat	Plantas e animais nos seus habitats	draft
mt_deexfCHU9m	Reducing Human Impact	Réduire l'impact humain	Reduzir o impacto humano	draft
mt_EygMHKs8Ed	Simple Food Chains	Chaînes alimentaires simples	Cadeias alimentares simples	draft
mt_2agkUcdah9	Building shade from the sun	Construire de l'ombre contre le soleil	Construir sombra contra o sol	draft
mt_iGSfQg3g5c	Sunlight warms things up	Le soleil réchauffe les choses	O sol aquece as coisas	draft
mt_GBY8enpzO0	Forces Vocabulary	Vocabulaire des forces	Vocabulário das forças	draft
mt_B3W5EfimJw	Pushes & Pulls	Pousser et tirer	Empurrar e puxar	draft
mt_RlILL2sccX	Testing Push & Pull Designs	Tester des inventions qui poussent et tirent	Testar invenções de empurrar e puxar	draft
mt_LTb0ZReMR2	Caring for minibeasts	Prendre soin des petites bêtes	Cuidar dos bichinhos	draft
mt_Wr6DDgr_kH	Caterpillar to butterfly	De la chenille au papillon	Da lagarta à borboleta	draft
mt_yR1moI5kX1	Common minibeasts: naming and recognising	Nommer et reconnaître les petites bêtes	Nomear e reconhecer bichinhos comuns	draft
mt__7hXSTbu9s	How minibeasts move	Comment se déplacent les petites bêtes	Como se movem os bichinhos	draft
mt_zir5yyAzUB	Minibeast Habitats	L'habitat des petites bêtes	Os habitats dos bichinhos	draft
mt_QH-Fs97twT	Minibeasts in the food chain	Les petites bêtes dans la chaîne alimentaire	Os bichinhos na cadeia alimentar	draft
mt_BI6oGIO-xM	What is a minibeast?	Qu'est-ce qu'une petite bête ?	O que é um bichinho?	draft
mt_wf-SJhZ1kC	Changing Shapes of Solids	Changer la forme des solides	Mudar a forma dos sólidos	draft
mt_rTn43s8RNX	Choosing the Right Material	Choisir le bon matériau	Escolher o material certo	draft
mt_auVZZEuXjs	Describing Material Properties	Décrire les propriétés des matériaux	Descrever as propriedades dos materiais	draft
mt_SwaNNdm_Ks	Grouping Materials	Classer les matériaux	Agrupar materiais	draft
mt_ZAJvTcroFO	Naming Everyday Materials	Nommer les matériaux du quotidien	Nomear materiais do dia a dia	draft
mt_5r47Pvstyn	Objects vs Materials	Objets et matériaux	Objetos e materiais	draft
mt_1JFUNQDwAJ	States of Matter Vocabulary	Vocabulaire des états de la matière	Vocabulário dos estados da matéria	draft
mt_4bJiGiMPmy	Coasts & Beaches	Côtes et plages	Costas e praias	draft
mt_ytUG3yjCYt	Ocean Animal Variety	La diversité des animaux marins	A variedade dos animais marinhos	draft
mt_l6OpmOKMuT	Ocean Food Chains	Chaînes alimentaires de l'océan	Cadeias alimentares do oceano	draft
mt_w2u9bXP9n7	Rock Pool Habitats	Les flaques de rochers	As poças de maré	draft
mt_mRCPP_Ab2W	Whales & Dolphins Are Mammals	Baleines et dauphins sont des mammifères	Baleias e golfinhos são mamíferos	draft
mt_oAg79ju344	What Is the Ocean?	Qu'est-ce que l'océan ?	O que é o oceano?	draft
mt_m31_gPS8F1	What Ocean Animals Need	Les besoins des animaux marins	O que os animais marinhos precisam	draft
mt_fDoE-pL6Jv	Animal Body Groups	Les grands groupes d'animaux	Grupos de animais pelo corpo	draft
mt_oR6dwRj2Ll	Animal Life Stages	Les étapes de la vie des animaux	As fases da vida dos animais	draft
mt_83gRQ9OPkc	Body Parts & Senses	Parties du corps et sens	Partes do corpo e sentidos	draft
mt_j7cer_Nmor	Common Plants & Trees	Plantes et arbres communs	Plantas e árvores comuns	draft
mt_13CtLTcWUB	Herbivores, Carnivores & Omnivores	Herbivores, carnivores et omnivores	Herbívoros, carnívoros e omnívoros	draft
mt_zexbopQjG0	Living Things Vocabulary	Vocabulaire du vivant	Vocabulário dos seres vivos	draft
mt_zVLOm6U7bh	Naming Common Animals	Nommer les animaux courants	Nomear animais comuns	draft
mt_cEzX5r7kp0	Offspring resemble parents	Les petits ressemblent à leurs parents	As crias parecem-se com os pais	draft
mt_xT6jPzyj92	Parts of a Plant	Les parties d'une plante	As partes de uma planta	draft
mt_0B64gfJf7j	Seeds & Plant Growth	Graines et croissance des plantes	Sementes e crescimento das plantas	draft
mt_L1469gt34A	What Living Things Need	Les besoins des êtres vivants	O que os seres vivos precisam	draft
mt_3v0VNkwquK	What Plants Need to Grow	Ce dont les plantes ont besoin pour pousser	O que as plantas precisam para crescer	draft
mt_aO018DkCun	Arctic vs Antarctic	Arctique et Antarctique	Ártico e Antártida	draft
mt_22XbXTRq50	Brave Polar Explorers	Les courageux explorateurs polaires	Os corajosos exploradores polares	draft
mt_SrmHaJXKrX	Ice & Snow	Glace et neige	Gelo e neve	draft
mt_3duNkf6Qmr	Midnight Sun & Polar Night	Soleil de minuit et nuit polaire	Sol da meia-noite e noite polar	draft
mt_CK2orHetl3	Penguins	Les manchots	Os pinguins	draft
mt_7OJjLOl0fz	Polar Animals	Les animaux polaires	Os animais polares	draft
mt_O9dH94NFae	Polar Bears	Les ours polaires	Os ursos-polares	draft
mt_4uPnLieBPN	Where Are the Poles?	Où sont les pôles ?	Onde ficam os polos?	draft
mt_s08-QxASd2	Everyday Foods from Rainforests	Aliments du quotidien venus des forêts tropicales	Alimentos do dia a dia das florestas tropicais	draft
mt_2zJ1NrGgYm	Indigenous Rainforest Peoples	Les peuples autochtones des forêts tropicales	Os povos indígenas das florestas tropicais	draft
mt_ntxlccnYzB	Inside a Rainforest	Au cœur de la forêt tropicale	Dentro da floresta tropical	draft
mt_xVW5U41tbp	Rainforest Animals	Les animaux de la forêt tropicale	Os animais da floresta tropical	draft
mt_XL2gqdKJfu	Rainforest Insects	Les insectes de la forêt tropicale	Os insetos da floresta tropical	draft
mt_-0cjwyYhce	Rainforest Layers	Les étages de la forêt tropicale	As camadas da floresta tropical	draft
mt_x5ZrQMAZ5v	Rainforest Plants	Les plantes de la forêt tropicale	As plantas da floresta tropical	draft
mt_FZ_ixwU1p1	What Is a Rainforest?	Qu'est-ce qu'une forêt tropicale ?	O que é uma floresta tropical?	draft
mt_0u3QNroZ34	Where Rainforests Are	Où sont les forêts tropicales	Onde ficam as florestas tropicais	draft
mt_XirhnAB6Ye	Asking scientific questions	Poser des questions scientifiques	Fazer perguntas científicas	draft
mt_obF-6VYRya	Changing Your Mind with Evidence	Changer d'avis face aux preuves	Mudar de opinião perante provas	draft
mt_nNYo5A-7Bl	Comparing Design Solutions	Comparer des solutions	Comparar soluções de design	draft
mt_hi8cVycbwn	Modelling with Sketches	Modéliser avec des croquis	Modelar com esboços	draft
mt_Hw70LI5xza	Observation vs Interpretation	Observer ou interpréter	Observação ou interpretação	draft
mt_vJO5Bxk4z-	Observing with simple equipment	Observer avec du matériel simple	Observar com equipamento simples	draft
mt_ZFwPZaDJ0_	Recording Data	Noter des données	Registar dados	draft
mt_Wa44s-f8Ws	Simple tests and experiments	Tests et expériences simples	Testes e experiências simples	draft
mt_ByXgbTld6R	Moon Phases	Les phases de la Lune	As fases da Lua	draft
mt_XlyF294bPR	Our Solar System	Notre système solaire	O nosso sistema solar	draft
mt_BVpB5wyijZ	Spotting Constellations	Repérer les constellations	Encontrar constelações	draft
mt_PiWZA8Z0ZJ	Sun, Moon & Stars	Soleil, Lune et étoiles	Sol, Lua e estrelas	draft
mt_oiqsIP97V3	What Astronauts Do	Ce que font les astronautes	O que fazem os astronautas	draft
mt_EHuU1ZeUFA	Naming the Planets	Nommer les planètes	Nomear os planetas	draft
mt_fk33IEGP-T	Sun, Moon, and stars	Le Soleil, la Lune et les étoiles	O Sol, a Lua e as estrelas	draft
mt_K0mZxY2AM8	Why seasons change	Pourquoi les saisons changent	Porque mudam as estações	draft
mt_cxJRc15osy	Basic Body Needs	Les besoins du corps	As necessidades básicas do corpo	draft
mt_SdIWVjzopp	Bones & Muscles	Os et muscles	Ossos e músculos	draft
mt_tiPyEkm4cU	How Breathing Works	Comment on respire	Como funciona a respiração	draft
mt_pJ5zsocdNx	The Brain Controls the Body	Le cerveau commande le corps	O cérebro controla o corpo	draft
mt_nwSWPTENmv	The Five Senses	Les cinq sens	Os cinco sentidos	draft
mt_lp1eTsQen7	The Heart & Blood	Le cœur et le sang	O coração e o sangue	draft
mt_uUa6cgv8zV	Earth Is Made of Rock	La Terre est faite de roches	A Terra é feita de rocha	draft
mt__pMF-Xb0TE	Earthquake Safety	Se protéger lors d'un séisme	Segurança em caso de sismo	draft
mt_adpdEaKEBC	Fast & Slow Earth Changes	Changements rapides et lents de la Terre	Mudanças rápidas e lentas da Terra	draft
mt_BLQ2_OXPod	Power of Eruptions	La puissance des éruptions	A força das erupções	draft
mt_S9SKah-yi_	What Is a Volcano	Qu'est-ce qu'un volcan ?	O que é um vulcão?	draft
mt_e29VrLfmYt	What Is an Earthquake	Qu'est-ce qu'un séisme ?	O que é um sismo?	draft
mt_ZL9qVVnpwN	Communication with Light & Sound	Communiquer avec la lumière et le son	Comunicar com luz e som	draft
mt_4i-FKXDDXh	Light & Seeing in the Dark	La lumière et voir dans le noir	A luz e ver no escuro	draft
mt_YPSx5pbpVl	Light & Sound Vocabulary	Vocabulaire de la lumière et du son	Vocabulário da luz e do som	draft
mt_p6frRFuxS6	Transparent, Translucent & Opaque	Transparent, translucide et opaque	Transparente, translúcido e opaco	draft
mt_VBl1T1sFCM	Vibrations & Sound	Vibrations et son	Vibrações e som	draft
mt_Dj2xr8CoI0	Dressing for the Weather	S'habiller selon la météo	Vestir-se de acordo com o tempo	draft
mt_TlLE4cZgOr	Rain & Puddles	La pluie et les flaques	Chuva e poças	draft
mt_fI-8iqf_Id	Seasons & Weather Patterns	Saisons et météo	Estações e padrões do tempo	draft
mt_4pLvMN8uzL	Storm Safety	Se protéger des orages	Segurança durante tempestades	draft
mt_PrWc-HZzDl	Temperature & Thermometers	Température et thermomètres	Temperatura e termómetros	draft
mt_jc9k_HJQGd	Types of Weather	Les types de temps	Tipos de tempo	draft
mt_URezjbU-6f	Weather Forecasting & Safety	Prévisions météo et sécurité	Previsão do tempo e segurança	draft
mt_j7cj9eWN7w	What Is Wind?	Qu'est-ce que le vent ?	O que é o vento?	draft
