en	fr	pt
Addition & Subtraction	Addition et soustraction	Adição e subtração
Algebra	Algèbre	Álgebra
Ancient Egypt	L'Égypte ancienne	O Antigo Egito
Ancient Greece & Rome	Grèce et Rome antiques	Grécia e Roma antigas
Animals of the World	Animaux du monde	Animais do mundo
Artificial Intelligence	Intelligence artificielle	Inteligência artificial
Counting & Cardinality	Dénombrement	Contagem e cardinalidade
Data & Statistics	Données et statistiques	Dados e estatística
Dinosaurs & Paleontology	Dinosaures et paléontologie	Dinossauros e paleontologia
Earth's Systems	Systèmes de la Terre	Sistemas da Terra
Ecosystems & Habitats	Écosystèmes et habitats	Ecossistemas e habitats
Emotional Literacy	Comprendre ses émotions	Literacia emocional
Empathy & Social Awareness	Empathie et conscience sociale	Empatia e consciência social
Energy	Énergie	Energia
English Thinking	Réflexion (anglais)	Pensamento (inglês)
Entrepreneurship	Esprit d'entreprise	Empreendedorismo
Forces & Motion	Forces et mouvement	Forças e movimento
Fractions	Fractions	Frações
Friendship & Cooperation	Amitié et coopération	Amizade e cooperação
Geometry	Géométrie	Geometria
Grammar & Punctuation	Grammaire et ponctuation (anglais)	Gramática e pontuação (inglês)
Handwriting & Transcription	Écriture manuscrite	Caligrafia e transcrição
Historical Thinking	Penser l'histoire	Pensamento histórico
Insects & Minibeasts	Insectes et petites bêtes	Insetos e bichinhos
Learning to Learn	Apprendre à apprendre	Aprender a aprender
Mathematical Thinking	Raisonnement mathématique	Raciocínio matemático
Matter & Materials	Matière et matériaux	Matéria e materiais
Measurement	Mesures	Medida
Medieval Times	Le Moyen Âge	A Idade Média
Money & Finance	Argent et finances	Dinheiro e finanças
Multiplication & Division	Multiplication et division	Multiplicação e divisão
Number Representation & Place Value	Numération	Numeração e valor posicional
Ocean Life	La vie dans l'océan	A vida no oceano
Organisms & Life Processes	Le vivant	Seres vivos
Phonics & Word Reading	Phonique et lecture de mots (anglais)	Fonética e leitura de palavras (inglês)
Polar Regions	Régions polaires	Regiões polares
Probability	Probabilités	Probabilidades
Rainforests	Forêts tropicales	Florestas tropicais
Ratio & Proportion	Rapports et proportions	Razão e proporção
Reading Comprehension	Compréhension de lecture	Compreensão da leitura
Responsible Decision-Making	Prendre de bonnes décisions	Tomar decisões responsáveis
Scientific Inquiry	Démarche scientifique	Investigação científica
Self-Awareness	Conscience de soi	Autoconhecimento
Self-Regulation & Resilience	Autorégulation et résilience	Autorregulação e resiliência
Space Exploration	Exploration spatiale	Exploração espacial
Space Systems & Earth's History	L'espace et l'histoire de la Terre	O espaço e a história da Terra
Speaking & Listening	Parler et écouter	Falar e ouvir
Spelling & Word Study	Orthographe (anglais)	Ortografia (inglês)
The Human Body	Le corps humain	O corpo humano
Vocabulary	Vocabulaire	Vocabulário
Volcanoes & Earthquakes	Volcans et séismes	Vulcões e sismos
Waves, Light & Sound	Ondes, lumière et son	Ondas, luz e som
Weather & Climate	Météo et climat	Tempo e clima
Writing Composition	Production d'écrits	Produção escrita
